label,koi_period,koi_duration,koi_depth,koi_prad,koi_teq,koi_insol,koi_model_snr,koi_steff,koi_slogg,koi_srad,koi_impact
1,9.488035570,2.95750,6.1580e+02,2.26,793.0,93.59,35.80,5455.00,4.467,0.9270,0.1460
1,2.525591777,1.65450,6.0330e+02,2.75,1406.0,926.16,40.90,6031.00,4.438,1.0460,0.7010
1,4.134435120,3.14020,6.8600e+02,2.77,1160.0,427.65,40.20,6046.00,4.486,0.9720,0.7620
1,16.068646740,3.53470,4.9143e+03,5.76,600.0,30.75,161.90,5031.00,4.485,0.8480,0.0520
1,2.204735417,3.88864,6.6747e+03,16.10,2048.0,4148.92,5945.90,6440.00,4.019,1.9520,0.2240
1,3.709214104,2.63020,1.3110e+02,1.16,1206.0,500.46,50.60,5833.00,4.407,1.0220,0.0510
0,11.521446064,3.63990,1.7984e+04,150.51,753.0,75.88,622.10,5795.00,4.554,0.8480,2.4830
1,6.029303290,1.58210,1.9127e+03,2.85,678.0,50.04,65.40,4537.00,4.648,0.6720,0.2580
0,2.696370652,3.61290,3.9790e+02,1.58,1066.0,305.34,48.20,4989.00,4.504,0.8190,0.0440
1,3.941052210,2.59840,3.6330e+02,1.70,1018.0,253.15,28.90,5185.00,4.440,0.9100,0.2260
1,21.676991930,3.45550,8.5720e+02,2.95,530.0,18.64,34.30,4954.00,4.500,0.8280,0.8960
1,4.280963604,2.87500,7.5080e+02,2.30,1012.0,247.87,61.80,5644.00,4.564,0.8310,0.4240
0,61.256362800,7.63300,5.1233e+03,39.87,505.0,15.43,85.30,6144.00,4.402,1.0910,1.2480
1,41.197255020,4.62970,2.2139e+03,3.86,439.0,8.76,51.20,5031.00,4.485,0.8480,0.0450
1,16.013084190,3.25540,1.1219e+03,3.10,593.0,29.31,33.20,5015.00,4.499,0.8260,0.7990
1,91.773286200,6.47300,6.5200e+02,2.12,359.0,3.92,19.10,5586.00,4.560,0.7980,0.6060
1,5.412203927,2.94720,6.0160e+02,2.94,1093.0,337.68,166.70,5779.00,4.339,1.0870,0.7870
1,8.353895230,2.25140,1.0416e+03,2.52,790.0,91.90,43.40,5592.00,4.582,0.7870,0.0230
1,2.816504904,2.50587,1.6814e+04,12.21,1219.0,521.13,1406.80,5532.00,4.452,0.9550,0.1050
1,4.431238488,3.15000,1.0109e+03,3.25,1104.0,351.23,71.10,5714.00,4.428,1.0150,0.4050
1,26.394328970,3.57300,1.5109e+03,3.07,489.0,13.49,48.20,5129.00,4.595,0.7630,0.6020
1,7.125943870,3.00140,1.9240e+02,1.79,997.0,233.31,47.10,5779.00,4.339,1.0870,0.8980
0,7.442652004,2.30780,2.4446e+04,15.03,967.0,206.78,835.60,6108.00,4.469,0.9560,0.1370
1,7.877416300,2.08050,1.3061e+03,2.16,553.0,22.18,38.70,4126.00,4.661,0.6150,0.0410
1,3.728732147,2.68300,5.2265e+03,6.02,1023.0,258.34,345.20,5497.00,4.577,0.8090,0.5580
1,2.337437946,1.99820,9.7120e+02,2.34,1070.0,311.16,82.40,5005.00,4.595,0.7650,0.2800
1,6.575315881,4.30840,2.7933e+03,5.31,1015.0,251.38,221.10,5992.00,4.415,0.9890,0.3900
1,19.271538920,2.75940,1.2198e+03,1.93,393.0,5.66,37.10,4077.00,4.702,0.5600,0.0310
1,12.393565100,3.88960,9.1660e+02,2.66,677.0,49.68,35.80,5557.00,4.603,0.7500,0.8830
1,2.711504086,3.00990,8.3750e+02,3.12,1420.0,960.79,64.50,6214.00,4.442,1.0760,0.0230
1,8.472379110,2.72450,1.1235e+03,2.59,751.0,75.44,47.60,5354.00,4.587,0.7880,0.0220
1,12.611904345,5.14970,6.1056e+03,7.40,753.0,76.15,277.20,5795.00,4.508,0.9190,0.5500
0,1.433769925,1.88680,1.9763e+03,46.58,1920.0,3209.29,112.60,6017.00,4.220,1.3390,1.2680
1,6.770300385,2.08440,1.3040e+03,2.77,812.0,102.87,50.80,5653.00,4.656,0.6790,0.8380
1,46.184203900,4.75800,1.3947e+03,1.83,273.0,1.32,26.00,3950.00,4.754,0.4930,0.0130
1,7.825021680,2.18600,5.2080e+02,1.20,494.0,14.05,15.90,3950.00,4.754,0.4930,0.7080
1,22.366464660,5.22800,9.8680e+02,2.32,536.0,19.45,32.10,5395.00,4.615,0.7340,0.4000
0,10.328035714,7.79150,1.6918e+04,13.28,843.0,119.31,636.80,5627.00,4.359,1.0240,0.2810
1,143.206304700,8.93020,1.0566e+04,8.90,308.0,2.14,138.80,5485.00,4.556,0.8670,0.3790
1,60.324942160,6.61880,2.0280e+04,12.19,411.0,6.77,347.20,5485.00,4.556,0.8670,0.2240
1,1.594745374,1.96040,1.5044e+04,11.30,1539.0,1329.42,1009.30,5934.00,4.491,0.8930,0.5140
1,3.340218842,1.91040,1.6326e+03,2.03,656.0,43.73,71.60,3950.00,4.754,0.4930,0.4660
1,4.901449760,4.16540,1.4070e+02,1.70,1262.0,598.74,50.60,5847.00,4.191,1.4020,0.5290
1,38.557654600,5.79400,9.9300e+02,4.02,550.0,21.71,39.70,5775.00,4.405,1.0530,0.9110
1,7.748094239,3.59570,2.4721e+03,5.52,964.0,204.39,113.20,5973.00,4.439,1.0850,0.5170
1,8.114374820,2.27360,1.5580e+03,2.10,460.0,10.55,56.40,3692.00,4.753,0.5170,0.5730
0,38.036729482,4.34617,8.2872e+04,27.50,500.0,14.81,1300.00,5575.00,4.521,0.9320,0.5010
1,21.812959960,4.37910,1.1754e+03,3.38,639.0,39.33,37.80,5601.00,4.410,0.9990,0.0530
1,8.103632710,3.16100,8.8790e+02,2.11,687.0,52.82,39.30,4861.00,4.574,0.7320,0.0470
1,6.365839713,2.97210,7.8070e+02,2.44,914.0,165.33,70.80,5776.00,4.554,0.8490,0.5240
0,5.975817540,3.06500,9.6240e+02,3.86,1047.0,284.25,50.30,6108.00,4.471,0.9970,0.9410
1,15.335286750,3.89700,3.0814e+03,5.00,610.0,32.67,86.60,5251.00,4.581,0.8170,0.7730
1,31.330461350,5.17600,5.0738e+03,6.50,481.0,12.61,117.20,5251.00,4.581,0.8170,0.7980
0,3.951405455,2.18620,2.4539e+03,31.44,1133.0,388.71,117.20,6046.00,4.539,0.8690,1.2760
1,13.233522140,6.73720,5.0460e+02,3.06,888.0,146.67,49.10,5739.00,4.191,1.3840,0.0140
1,2.090811305,3.38800,1.1590e+02,1.62,1642.0,1718.04,19.90,5739.00,4.191,1.3840,0.7460
1,50.446741700,7.15900,3.7030e+02,2.67,568.0,24.64,19.40,5739.00,4.191,1.3840,0.3790
1,56.227927100,3.57000,8.6270e+02,2.37,366.0,4.22,20.90,4959.00,4.603,0.7560,0.7000
1,4.144516560,2.34210,3.9180e+02,1.48,864.0,132.08,22.80,4768.00,4.536,0.7790,0.0040
1,4.583520948,2.70550,3.8121e+03,5.39,1038.0,274.98,99.50,5815.00,4.540,0.8770,0.0450
1,8.203969580,2.96670,1.0244e+03,3.01,742.0,71.50,54.40,5015.00,4.499,0.8260,0.8230
1,12.718098660,3.09570,1.1494e+03,2.31,562.0,23.60,52.70,4702.00,4.592,0.6860,0.4270
1,4.190425659,2.85890,2.8774e+03,6.21,1234.0,547.90,240.60,6073.00,4.392,1.1350,0.4580
1,16.329752700,6.27100,1.1875e+03,3.75,727.0,66.08,74.60,5878.00,4.444,0.9870,0.7910
1,80.872346900,11.19500,3.6046e+03,7.59,452.0,9.88,160.90,5510.00,4.222,1.2380,0.5270
1,10.355331160,3.17750,7.5060e+02,2.47,777.0,86.22,49.20,5501.00,4.462,0.9180,0.0290
1,7.490183050,2.72970,1.1236e+03,2.56,753.0,76.06,53.00,5103.00,4.562,0.7870,0.0200
1,17.460879310,2.26410,8.1240e+02,2.32,568.0,24.60,22.60,5103.00,4.562,0.7870,0.5940
1,41.408316686,5.02640,2.2839e+04,11.38,453.0,9.93,907.80,5522.00,4.586,0.7470,0.3770
1,49.183941850,11.33640,1.6462e+03,8.20,669.0,47.40,355.70,5626.00,3.907,2.0570,0.0350
0,13.610148190,2.59400,5.7329e+03,19.02,733.0,68.29,184.10,5697.00,4.460,0.9030,1.0810
1,2.237489571,1.81190,3.1580e+02,1.41,1160.0,427.17,30.70,5265.00,4.580,0.8100,0.1280
1,4.311780262,2.72510,1.1540e+03,3.11,1038.0,274.84,86.10,5527.00,4.484,0.9270,0.1960
1,9.767345030,1.65850,5.6910e+02,2.67,791.0,92.46,21.10,5527.00,4.484,0.9270,0.9000
1,26.444393370,3.97830,1.8435e+03,3.91,562.0,23.54,88.00,5427.00,4.463,0.9290,0.0300
1,5.902245782,2.90030,7.0230e+02,2.43,926.0,173.74,59.30,5427.00,4.463,0.9290,0.2090
1,21.022506080,4.10720,1.7725e+03,3.07,521.0,17.48,62.40,5067.00,4.585,0.7500,0.0360
1,5.912273234,2.32540,9.6140e+02,1.73,585.0,27.72,62.80,4072.00,4.696,0.5700,0.1700
0,12.940668656,2.48450,4.2450e+04,22.94,723.0,64.64,307.50,5875.00,4.572,0.8090,0.8970
1,33.601233710,4.40560,7.4259e+03,8.46,495.0,14.22,247.90,5149.00,4.447,0.9300,0.6700
1,4.347288783,2.10240,4.5160e+02,2.36,1174.0,449.79,39.70,5754.00,4.345,1.1220,0.0250
1,11.187199050,3.25200,3.5360e+02,1.55,667.0,46.65,21.90,4986.00,4.496,0.8330,0.3870
1,12.039874880,2.73630,1.2506e+03,2.18,502.0,15.06,57.60,4261.00,4.641,0.6330,0.2860
1,23.589171430,5.07300,1.2007e+03,3.16,487.0,13.34,53.30,4919.00,4.566,0.7210,0.9260
1,10.371689280,3.03500,1.2549e+03,3.20,720.0,63.68,64.50,5121.00,4.457,0.8880,0.5370
1,226.890477500,7.55800,3.1364e+03,4.53,236.0,0.73,46.80,5067.00,4.585,0.7500,0.7310
0,1.956811408,2.19580,2.4905e+04,21.58,1109.0,357.16,125.40,5209.00,4.657,0.6030,1.0910
1,11.523067458,3.87570,5.0730e+02,3.13,927.0,174.81,142.00,5644.00,4.162,1.4110,0.0000
1,3.336123113,1.96160,5.1630e+02,1.74,970.0,209.79,41.60,5097.00,4.597,0.7790,0.2520
1,12.071342050,4.32240,7.5920e+02,1.29,395.0,5.74,31.00,3713.00,4.779,0.4700,0.0140
1,7.411131770,2.52420,6.2050e+02,2.45,905.0,158.11,50.40,5849.00,4.517,0.9190,0.7120
1,8.098889060,4.20241,6.9111e+03,8.95,986.0,223.19,435.90,6214.00,4.442,1.0760,0.0180
1,17.855221681,7.41287,9.0652e+03,13.16,911.0,163.04,915.70,6823.00,4.308,1.3670,0.0750
1,2.211116989,1.64850,7.2420e+02,1.85,931.0,177.19,42.60,4500.00,4.656,0.6460,0.6900
1,12.691043870,3.77270,2.5210e+02,2.57,1008.0,244.30,60.20,5869.00,4.024,1.6260,0.0080
1,6.308201629,2.97850,1.3285e+03,2.96,819.0,106.44,86.20,5191.00,4.564,0.8370,0.0300
1,9.770448600,2.45170,1.8978e+03,2.23,460.0,10.59,58.00,3906.00,4.730,0.5090,0.0900
1,21.222611950,6.50930,3.6600e+02,2.48,771.0,83.56,114.90,5945.00,4.213,1.3020,0.0200
1,7.113732570,2.17640,8.0760e+02,1.16,429.0,8.01,44.40,3561.00,4.855,0.4110,0.3340
1,15.368457370,2.47140,7.5610e+02,1.11,332.0,2.86,30.90,3561.00,4.855,0.4110,0.1150
1,105.145959000,8.59300,6.8540e+02,3.43,401.0,6.09,15.40,6077.00,4.471,0.9990,0.9640
1,6.668332410,1.91500,3.6230e+02,1.18,587.0,28.06,14.20,4201.00,4.682,0.5910,0.6440
1,42.140608900,5.08300,8.9550e+02,1.85,349.0,3.49,21.60,4500.00,4.656,0.6460,0.0450
1,10.198492550,2.42830,6.3410e+02,1.75,559.0,23.11,21.40,4500.00,4.656,0.6460,0.7140
1,17.648308510,2.08730,7.6330e+02,2.43,579.0,26.49,23.80,5029.00,4.494,0.8380,0.6530
1,16.514109890,4.15750,9.7350e+02,2.72,655.0,43.57,55.90,5527.00,4.488,0.8660,0.3950
1,4.790908090,2.60300,2.5130e+02,1.36,990.0,227.24,21.20,5527.00,4.488,0.8660,0.1100
1,99.641596200,4.44800,9.5250e+02,2.64,360.0,3.97,22.70,5527.00,4.488,0.8660,0.0280
0,16.371986610,3.84490,4.1476e+03,540.37,438.0,8.71,54.50,4187.00,4.656,0.5920,9.3030
1,5.392026903,2.98040,1.1514e+03,2.68,850.0,123.33,77.40,5198.00,4.589,0.8010,0.3140
1,3.855603916,3.21790,1.6653e+04,13.61,1212.0,508.65,1173.90,6033.00,4.460,1.0460,0.3480
1,3.314947362,1.80070,1.3982e+03,3.94,1155.0,421.03,123.50,5609.00,4.481,0.9440,0.7990
0,6.719690890,3.02310,9.6970e+02,4.37,952.0,194.18,45.40,5931.00,4.479,0.8660,0.9850
1,21.804516110,3.40970,1.1449e+03,2.60,543.0,20.48,49.90,5481.00,4.629,0.7080,0.7510
1,18.119930390,4.23090,1.5069e+03,2.95,563.0,23.77,60.70,5196.00,4.593,0.7750,0.2060
1,5.154481420,3.22800,6.9750e+02,2.94,964.0,204.10,48.10,5431.00,4.457,0.8840,0.9330
1,3.166353562,3.31290,1.4734e+03,3.82,1273.0,621.92,128.30,6007.00,4.470,0.9980,0.0320
0,23.899634407,3.81881,2.0953e+04,44.04,652.0,42.80,547.80,6192.00,4.503,0.9240,1.2450
1,5.839097610,3.19150,2.7360e+02,2.06,1097.0,341.48,25.20,5553.00,4.221,1.2500,0.3410
1,10.681695100,3.60500,3.0780e+02,2.30,897.0,152.75,21.90,5553.00,4.221,1.2500,0.6460
1,3.578780566,2.91089,1.1382e+04,10.43,1145.0,406.60,1838.40,5524.00,4.421,0.9940,0.0790
1,12.412163470,3.73900,6.1130e+02,2.58,787.0,90.65,25.60,5561.00,4.362,1.0600,0.0210
1,20.860212290,5.19370,1.9105e+03,5.50,781.0,87.76,117.00,6035.00,4.220,1.2570,0.0660
1,87.647606800,8.87100,1.0096e+03,4.00,484.0,12.94,37.50,6035.00,4.220,1.2570,0.1470
1,0.893040969,1.09810,7.4170e+02,1.24,893.0,151.14,87.80,3582.00,4.807,0.4580,0.0090
1,20.834267310,4.04540,9.8840e+02,2.74,595.0,29.62,45.10,5537.00,4.549,0.8800,0.2560
1,1.045621950,1.89550,2.1300e+02,1.45,1710.0,2031.84,25.30,5344.00,4.365,1.0130,0.0370
1,8.145159810,5.07300,4.4680e+02,3.43,1050.0,287.91,32.20,5896.00,4.197,1.2400,0.9650
1,4.244390490,3.28200,1.7400e+02,2.07,1305.0,686.99,15.10,5896.00,4.197,1.2400,0.9490
0,9.880479780,2.78458,1.8541e+04,23.60,860.0,129.45,534.50,6113.00,4.512,0.9170,1.0200
0,0.525154153,2.14410,7.4750e+02,23.61,2073.0,4391.51,116.10,5582.00,4.497,0.8460,1.2260
1,224.778935500,11.18990,3.4875e+03,7.67,333.0,2.92,235.70,5873.00,4.293,1.2350,0.6520
0,0.890110752,0.87740,3.2150e+02,1.25,1372.0,838.42,19.60,4768.00,4.628,0.7110,0.2160
1,15.986893200,4.15800,1.7850e+02,1.62,803.0,98.51,10.90,6049.00,4.353,1.1760,0.5330
0,2.037440623,3.44200,1.1860e+02,1.19,1572.0,1448.05,27.00,6253.00,4.415,1.0150,0.7150
1,31.592580900,13.56600,1.4510e+02,1.78,688.0,53.09,25.50,5676.00,4.100,1.4870,0.2830
1,2.785821236,3.55990,6.8900e+01,1.69,1784.0,2388.98,53.60,6202.00,4.026,1.7330,0.8930
0,3.411758679,3.15800,5.7060e+02,14.71,684.0,51.85,35.60,3995.00,4.710,0.5610,1.2130
1,1.475323222,2.31550,1.5490e+02,5.88,2740.0,13331.51,27.20,4941.00,3.317,4.8850,0.1360
1,8.734885200,4.49000,2.7070e+02,1.59,890.0,148.62,24.80,5982.00,4.493,0.9600,0.3140
0,3.305577989,2.59030,1.7971e+04,25.89,1027.0,263.55,39.60,5534.00,4.629,0.7070,1.1450
0,0.651784374,2.01410,2.7793e+03,33.65,2090.0,4500.59,195.20,5555.00,4.375,1.0610,1.2240
0,3.997514220,3.68600,3.2800e+01,2.98,2203.0,5563.95,6.10,5066.00,3.122,5.3240,0.0303
1,6.846192360,3.52900,2.4680e+02,1.67,1022.0,258.41,17.70,5839.00,4.327,1.0670,0.0770
1,43.131214700,3.19800,4.4780e+02,2.39,554.0,22.21,11.80,5839.00,4.327,1.0670,0.6700
1,25.934064060,4.61420,4.1450e+02,2.48,695.0,55.10,42.20,5952.00,4.287,1.2250,0.0140
1,12.992048530,6.01750,2.7060e+02,2.03,866.0,132.94,38.70,5765.00,4.236,1.2420,0.0910
0,11.116202110,4.21100,4.8439e+03,8.96,853.0,125.21,115.30,6122.00,4.471,0.9960,0.9370
0,55.663916700,23.54600,3.4144e+03,34.14,434.0,8.38,103.40,5587.00,4.528,0.8530,1.2980
1,8.187394430,3.04720,5.1760e+02,1.92,782.0,88.36,38.40,5251.00,4.494,0.8490,0.3770
1,3.341799486,2.92540,1.7820e+02,1.67,1356.0,798.41,48.80,5873.00,4.293,1.2350,0.4260
0,36.977088080,4.73700,1.2699e+03,38.60,602.0,31.08,59.20,5589.00,4.193,1.2390,1.2460
1,11.089566020,6.28770,1.4810e+02,3.51,1422.0,965.62,38.90,6353.00,3.698,2.8670,0.0200
0,7.244761260,2.31450,5.8000e+01,0.65,837.0,116.02,27.20,5370.00,4.494,0.8740,0.0400
1,4.176342760,2.33500,5.3150e+02,1.23,694.0,54.80,14.90,4362.00,4.722,0.5540,0.1420
1,3.179267286,1.02460,2.0090e+02,1.21,1101.0,347.01,41.00,5511.00,4.554,0.8570,0.1710
1,24.570902300,3.58700,7.6420e+02,2.82,505.0,15.33,26.30,5095.00,4.566,0.7800,0.9450
1,1.022678654,1.37120,1.2920e+02,1.14,1734.0,2138.47,21.60,5366.00,4.363,1.0200,0.0190
1,4.757961030,4.66000,1.2450e+02,1.70,1372.0,835.65,20.90,6021.00,4.093,1.4580,0.6210
0,13.554805340,2.28800,4.8300e+01,0.62,679.0,50.41,16.50,5370.00,4.494,0.8740,0.4970
0,0.848483947,1.44510,1.9074e+03,32.11,1908.0,3117.82,185.00,5941.00,4.504,0.9360,1.2640
1,53.529270200,5.66800,1.0861e+03,2.28,348.0,3.48,34.50,4736.00,4.624,0.7080,0.3460
1,13.484576680,5.01970,6.5350e+02,3.39,929.0,176.29,80.80,6198.00,4.237,1.3240,0.0110
1,12.062229620,2.05840,3.0020e+02,1.62,750.0,74.80,32.40,5547.00,4.451,0.9330,0.3920
1,21.853629050,3.43900,3.5560e+02,1.75,618.0,34.57,23.00,5830.00,4.540,0.8760,0.6760
0,19.978670000,10.16800,9.4430e+02,6.85,1351.0,788.02,86.20,9651.00,4.229,1.8950,0.9230
1,41.805954400,6.05700,4.3440e+02,2.02,533.0,19.02,28.30,5907.00,4.445,0.9730,0.0290
0,7.814839231,3.01220,2.0103e+03,5.33,903.0,156.74,100.00,5887.00,4.499,0.9310,0.9450
1,5.326672990,3.40450,6.1140e+02,2.26,1007.0,242.97,34.10,5831.00,4.517,0.9210,0.0430
0,2.783883492,2.45460,9.0390e+02,67.17,1934.0,3304.55,86.10,6028.00,3.835,2.1470,1.2550
0,5.686287390,17.57300,5.5597e+03,4.50,1059.0,297.81,414.40,6052.00,4.442,0.9560,0.8548
0,2.897432135,3.17930,1.2237e+03,14.35,2170.0,5240.00,73.90,5970.00,3.619,2.9940,0.9670
1,8.704205250,2.93850,1.0749e+03,2.86,748.0,74.13,74.00,5074.00,4.474,0.8630,0.5000
1,0.974868896,1.61910,1.9760e+02,1.16,1612.0,1605.87,82.60,5487.00,4.563,0.8320,0.1200
0,0.643794198,1.56620,4.5670e+02,19.51,2011.0,3852.91,53.70,5958.00,4.561,0.8300,1.1930
1,16.088323180,5.73100,5.9780e+02,3.42,875.0,138.64,31.30,6157.00,4.224,1.3300,0.6480
1,35.675745300,7.38100,4.7120e+02,3.02,671.0,47.96,18.50,6157.00,4.224,1.3300,0.6100
1,47.332929900,2.70800,9.3150e+02,2.18,386.0,5.25,14.00,4987.00,4.602,0.7160,0.4300
1,2.466970390,1.63450,3.0870e+02,1.56,1139.0,398.42,29.50,5074.00,4.474,0.8630,0.5740
1,107.721409200,8.04200,1.3962e+03,4.75,421.0,7.39,30.50,5529.00,4.190,1.2940,0.0030
0,100.303922800,8.70200,5.4500e+03,29.55,313.0,2.26,63.20,5055.00,4.566,0.7720,1.2560
1,14.128476770,3.68500,6.2870e+02,2.73,739.0,70.50,23.00,5779.00,4.477,0.9740,0.8110
1,8.398429770,6.34400,3.4010e+02,2.00,984.0,221.66,28.00,6309.00,4.441,1.0440,0.5730
1,140.107650000,18.50300,2.6680e+02,3.42,511.0,16.17,29.00,6207.00,3.963,2.0970,0.0190
1,35.617602330,8.45590,4.6349e+03,5.17,456.0,10.19,155.00,5123.00,4.523,0.7790,0.0090
0,1.092068330,1.85960,2.1920e+02,1.29,1611.0,1588.89,45.50,5639.00,4.551,0.8590,0.4690
1,3.770551475,3.80770,1.2440e+04,12.05,1302.0,679.75,100.80,6322.00,4.426,1.0750,0.0530
0,3.629442796,5.63000,4.2660e+02,3.28,1434.0,1001.35,76.40,6506.00,4.336,1.2170,0.9700
1,3.755742670,2.29110,4.1740e+02,1.58,977.0,215.46,27.90,5311.00,4.588,0.7880,0.1270
1,24.669192732,7.03515,7.3823e+03,77.76,1485.0,1150.61,603.00,5313.00,2.936,9.3270,0.0730
1,24.664614160,2.85790,2.3988e+03,5.34,567.0,24.53,56.70,5188.00,4.400,0.9730,0.8000
1,7.641567589,3.41018,2.2697e+03,4.91,899.0,154.25,437.50,5356.00,4.338,1.0550,0.0270
0,569.934135000,4.19040,1.8904e+04,38.98,296.0,1.81,66.70,5367.00,3.783,2.0570,0.9190
1,10.916108342,3.64960,1.4790e+03,3.93,758.0,78.19,302.20,5575.00,4.521,0.9320,0.7699
1,6.877446033,1.36920,1.6323e+03,2.05,484.0,12.95,39.60,3789.00,4.781,0.4600,0.7900
1,42.896450240,5.68970,5.5530e+02,2.00,448.0,9.54,66.80,5192.00,4.489,0.8730,0.0070
0,2.441998030,2.75900,2.5170e+02,1.44,1282.0,638.05,27.20,5970.00,4.564,0.7960,0.8560
1,3.601465336,2.27530,7.7770e+02,2.31,996.0,232.65,50.70,5052.00,4.480,0.8550,0.0210
0,1.023471798,2.34990,8.6140e+02,3.78,1727.0,2103.09,63.00,5741.00,4.491,0.8930,0.9740
1,9.428898840,4.44810,5.6540e+02,4.39,1163.0,432.90,50.40,5897.00,3.980,1.8600,0.0110
1,11.476090150,5.04600,1.8230e+02,2.07,984.0,221.34,27.70,6071.00,4.202,1.4100,0.7550
1,0.677374687,1.83610,7.6700e+01,0.90,2099.0,4572.56,38.70,5718.00,4.395,1.0370,0.1320
1,7.410843140,3.24500,1.2410e+02,0.94,850.0,123.40,25.60,5528.00,4.499,0.8530,0.0640
1,24.587163550,3.98400,9.0750e+02,2.37,530.0,18.72,35.60,5474.00,4.605,0.7490,0.6480
1,13.197206940,3.48720,2.1414e+03,4.18,642.0,40.03,116.20,4954.00,4.462,0.8850,0.5680
1,4.088972990,3.58500,1.5790e+02,2.36,1537.0,1317.96,19.00,5897.00,3.980,1.8600,0.3740
0,2.866680334,1.12640,7.1240e+02,2.93,1045.0,282.64,43.00,5238.00,4.598,0.7640,0.9680
1,7.336851010,3.54800,3.2580e+02,1.52,875.0,138.46,21.60,5795.00,4.554,0.8480,0.0180
1,14.557308970,7.76430,9.5690e+02,4.32,879.0,141.00,200.00,5774.00,4.159,1.4120,0.0360
0,4.722254104,3.45100,8.2670e+04,14.45,557.0,22.67,314.10,3801.00,4.776,0.4880,0.5060
1,5.901278150,2.19790,1.5252e+03,1.94,514.0,16.54,56.60,3731.00,4.750,0.4980,0.0300
1,22.780782410,3.30020,1.9251e+03,2.17,328.0,2.73,46.40,3731.00,4.750,0.4980,0.0080
1,0.742957911,0.66880,8.4330e+02,1.47,1026.0,262.51,45.30,3731.00,4.750,0.4980,0.1620
0,54.356350670,6.43450,1.0510e+04,38.81,566.0,24.18,628.10,6161.00,4.281,1.2550,1.1420
1,5.747711909,1.89230,8.2010e+02,1.86,641.0,40.07,51.70,4252.00,4.640,0.6320,0.5750
1,86.678560520,10.12890,8.2441e+03,9.83,434.0,8.41,318.30,5822.00,4.351,1.0810,0.2910
0,15.238453900,19.29200,7.0190e+03,9.84,829.0,111.67,56.00,6384.00,4.419,1.0860,0.7400
1,6.057299660,3.74190,3.8520e+02,1.94,947.0,189.98,35.10,5334.00,4.372,1.0040,0.2190
1,1.763587535,3.16877,4.5906e+03,21.42,3559.0,37958.27,4061.90,9107.00,3.867,3.0310,0.5120
1,8.115287270,3.21100,8.3490e+02,3.10,879.0,140.92,59.10,5926.00,4.532,0.8870,0.9160
0,37.478349200,5.31700,1.4679e+03,10.05,262.0,1.12,18.30,3687.00,4.813,0.4400,1.1610
1,14.559855600,5.62400,2.9060e+02,1.64,758.0,78.26,15.60,5959.00,4.460,0.9660,0.0260
1,6.100276210,4.74760,7.6660e+02,2.59,990.0,227.15,43.20,5957.00,4.506,0.9370,0.0150
1,10.937255720,3.08220,4.2160e+02,2.41,777.0,86.28,24.60,5334.00,4.372,1.0040,0.8660
1,158.685002200,11.53720,8.9830e+02,3.08,350.0,3.53,97.40,5751.00,4.340,1.0340,0.0340
1,7.039020160,3.86330,5.2980e+02,2.45,1051.0,288.92,54.30,6321.00,4.434,1.0580,0.0150
0,3.140511530,8.28060,1.4444e+03,31.01,1306.0,689.48,139.50,6108.00,4.443,0.9740,1.2510
0,19.563092517,6.95470,1.2992e+04,23.76,965.0,205.39,2477.00,6208.00,3.959,1.8310,0.8420
1,161.527834700,3.67340,4.6536e+03,8.19,366.0,4.25,54.70,5778.00,4.285,1.2130,0.0000
0,0.730939050,2.84370,4.5110e+02,1.45,1488.0,1159.62,52.40,4768.00,4.588,0.7110,0.0180
1,12.333438530,6.22100,5.3640e+02,4.12,915.0,165.30,31.70,5896.00,4.197,1.2400,0.9790
1,4.292636990,2.70000,6.1400e+01,0.68,991.0,227.69,11.40,5357.00,4.498,0.8630,0.4540
1,0.453287416,0.44450,1.4615e+03,0.76,729.0,66.14,150.40,3292.00,5.215,0.1480,0.8100
0,3.273699006,3.07626,6.8628e+03,22.36,3060.0,20728.79,1293.10,10816.00,4.086,2.4930,0.7330
0,19.563137230,6.85750,5.5360e+03,9.73,706.0,58.71,157.80,5766.00,4.352,1.0770,0.9080
1,14.589324290,2.41840,8.3130e+02,2.32,594.0,29.53,29.30,5142.00,4.602,0.7550,0.6940
1,74.927686530,4.74000,4.1192e+03,6.39,409.0,6.62,161.50,5618.00,4.460,0.8970,0.7960
1,0.927859786,1.42790,5.1530e+02,1.79,1361.0,813.30,99.80,4815.00,4.631,0.6990,0.7950
1,2.139556300,2.06780,2.6610e+02,1.76,1425.0,974.30,48.90,5534.00,4.338,1.0800,0.3680
1,21.405442200,11.72100,4.0930e+02,11.64,1087.0,330.00,60.90,4838.00,3.299,4.3610,0.9430
1,2.633852528,2.02060,2.5980e+02,1.38,1131.0,387.43,23.30,5114.00,4.463,0.8780,0.2040
1,1.796320953,1.91390,2.1090e+02,1.20,1367.0,827.82,22.10,5576.00,4.503,0.8290,0.0150
1,5.914266800,2.66100,2.5320e+02,1.31,919.0,168.51,17.40,5576.00,4.503,0.8290,0.0400
1,3.546531809,2.27460,4.4270e+02,2.18,1212.0,510.26,26.40,5993.00,4.489,0.9860,0.6330
1,20.834149700,4.52200,8.0310e+02,2.26,563.0,23.82,26.20,5296.00,4.538,0.8080,0.2690
1,10.475480840,2.30240,1.0707e+03,2.11,540.0,20.15,40.30,4463.00,4.677,0.6110,0.6640
1,77.474099100,4.16800,1.5436e+03,2.63,277.0,1.40,27.50,4463.00,4.677,0.6110,0.7580
1,5.660669429,4.64830,7.3780e+02,3.24,1115.0,365.53,201.10,5746.00,4.266,1.1730,0.4770
0,10.804871630,2.72150,2.9270e+02,1.71,857.0,127.84,27.40,6092.00,4.471,0.9980,0.2070
1,29.221495900,4.01400,3.9400e+02,1.81,539.0,20.03,14.60,5576.00,4.503,0.8290,0.7790
1,20.342378380,2.33510,5.6460e+02,2.88,667.0,46.93,28.70,5514.00,4.345,1.0710,0.8260
1,23.584447460,5.55450,4.2920e+02,3.00,730.0,66.96,42.80,5655.00,4.152,1.3540,0.7110
1,3.715455930,2.55800,3.3170e+02,1.46,1001.0,237.42,19.60,5296.00,4.538,0.8080,0.3270
1,19.254040230,4.65090,9.8770e+02,3.04,657.0,44.17,50.70,5798.00,4.507,0.9410,0.5480
1,2.927211190,2.54500,1.7020e+02,1.29,1258.0,593.23,18.00,5616.00,4.394,0.9990,0.0430
1,19.807877630,3.45300,6.1630e+02,2.08,624.0,35.89,20.10,5775.00,4.558,0.8400,0.0540
0,85.340926070,10.61410,5.1746e+04,1177.65,409.0,6.61,898.40,6004.00,4.522,0.8980,12.7730
1,10.117168400,4.66770,2.8870e+02,3.07,1163.0,433.41,50.60,6306.00,4.077,1.7920,0.2960
1,6.146995600,3.31530,2.4960e+02,2.04,1164.0,433.72,25.80,6110.00,4.285,1.2960,0.0830
1,3.548465446,4.56904,7.2515e+03,14.92,1640.0,1708.28,2486.50,6290.00,4.074,1.7460,0.0750
1,0.567856484,1.02580,3.3480e+02,1.55,1848.0,2760.23,53.80,5073.00,4.483,0.8530,0.3240
0,251.059724900,5.10950,7.4198e+03,44.20,301.0,1.93,110.30,5714.00,4.340,1.0860,1.2640
1,10.446359440,2.74900,3.5420e+02,2.18,812.0,102.77,34.40,5968.00,4.534,0.8810,0.9670
1,13.751296360,3.85300,3.4850e+02,1.66,725.0,65.24,24.60,5814.00,4.523,0.8810,0.3590
0,78.925742100,7.51930,1.7972e+04,11.90,398.0,5.94,85.20,5750.00,4.538,0.8820,0.3590
1,8.575049830,8.65300,1.6060e+02,4.26,1374.0,841.68,36.90,4986.00,3.462,3.4640,0.1290
1,6.883376100,2.27020,4.5840e+02,1.69,857.0,127.67,28.10,5679.00,4.581,0.7940,0.0750
0,1.926353494,2.53050,1.8510e+02,1.33,1484.0,1146.34,36.90,6063.00,4.481,0.8990,0.7670
1,6.911342230,5.67430,2.0170e+02,1.90,1086.0,328.65,44.00,5685.00,4.194,1.3500,0.2590
1,7.193049350,3.40700,2.5530e+02,1.59,995.0,232.36,19.00,6185.00,4.472,0.9910,0.0170
1,36.337504530,7.06000,2.8284e+03,5.30,513.0,16.36,96.80,5717.00,4.538,0.8840,0.8250
0,16.025018977,3.88280,2.9090e+04,1069.01,657.0,44.01,257.80,5776.00,4.582,0.7890,13.2390
1,10.506829780,3.77690,1.3356e+04,9.01,668.0,47.21,343.40,5127.00,4.589,0.7820,0.4070
0,4.464545400,2.88230,1.9430e+02,3.07,1601.0,1555.36,37.60,6093.00,3.910,1.9850,0.8080
1,5.968724048,3.65100,5.1060e+02,3.26,1251.0,579.90,107.10,6122.00,4.173,1.4390,0.1660
0,27.322044880,5.67160,7.7474e+04,21.58,531.0,18.81,3622.70,5620.00,4.592,0.7720,0.2570
1,133.460999000,11.49970,5.0329e+03,11.21,433.0,8.29,162.30,5588.00,4.047,1.5930,0.2490
0,31.973416900,13.26200,1.4144e+03,24.10,442.0,9.01,62.50,4931.00,4.595,0.7740,1.2400
1,3.990105908,2.41080,6.1549e+03,7.45,1124.0,378.53,247.80,5926.00,4.519,0.9130,0.5820
0,15.640251500,6.22200,8.0030e+02,18.11,640.0,39.55,19.30,5346.00,4.491,0.8260,1.1670
1,5.621543150,2.41430,1.7230e+02,1.37,992.0,229.04,35.30,5637.00,4.439,0.9600,0.7420
0,4.202336730,3.69730,4.5982e+04,23.53,1246.0,570.87,258.80,6185.00,4.396,1.0940,0.0040
1,0.669310092,1.62740,1.3180e+02,1.13,1983.0,3643.96,75.30,5475.00,4.426,1.0030,0.1570
1,14.131753090,4.01360,1.0330e+03,3.02,675.0,49.18,40.10,5616.00,4.564,0.8220,0.8480
0,5.938210650,2.51280,5.2250e+02,61.63,996.0,231.93,33.60,6123.00,4.545,0.8500,1.6460
1,33.199635500,5.02200,1.1125e+03,2.85,485.0,13.09,32.60,5102.00,4.463,0.8800,0.0170
0,0.624387500,1.92102,3.6855e+04,29.45,1639.0,1693.36,628.30,5211.00,4.644,0.6180,1.1570
1,13.221753580,2.78840,8.7650e+02,2.38,640.0,39.56,93.60,5211.00,4.556,0.7990,0.4510
0,1.227758770,2.75450,4.6148e+04,48.79,1859.0,2809.86,292.70,6207.00,4.412,1.0440,1.1110
1,5.729317577,1.18160,8.6540e+02,2.41,850.0,123.03,59.00,5320.00,4.589,0.7860,0.5970
1,11.609085330,2.26030,4.8930e+02,1.71,671.0,48.06,34.10,5320.00,4.589,0.7860,0.0300
1,6.097472330,3.43100,2.1760e+02,2.22,1197.0,485.84,17.40,5661.00,4.090,1.5220,0.0120
0,2.243016513,2.72100,2.9960e+02,1.37,1167.0,438.46,59.10,5462.00,4.614,0.7320,0.7370
1,8.990886210,4.24470,4.6970e+02,2.78,960.0,200.35,93.60,5881.00,4.315,1.1710,0.7700
0,1.744101106,1.54970,9.6814e+03,7.21,1016.0,251.54,152.60,4368.00,4.593,0.7030,0.6180
0,121.599127800,15.15960,1.0537e+04,379.63,358.0,3.87,297.00,6036.00,4.551,0.8470,5.0110
1,8.027681123,3.09420,8.7254e+03,8.43,824.0,109.35,461.50,5569.00,4.546,0.8870,0.4950
1,50.286359770,6.32120,1.1193e+03,3.88,543.0,20.59,99.50,5900.00,4.309,1.1670,0.0180
1,10.218645320,3.80200,4.4530e+02,2.33,920.0,169.13,26.60,6100.00,4.376,1.0830,0.4160
1,40.101556100,5.24600,5.5000e+02,2.92,583.0,27.31,19.00,6100.00,4.376,1.0830,0.8680
1,6.626434410,3.17520,8.1460e+02,2.54,895.0,151.59,40.60,5616.00,4.529,0.9030,0.1110
1,13.734740710,2.76900,7.4640e+02,2.71,634.0,38.11,31.00,5196.00,4.524,0.7720,0.9410
0,0.895277575,2.71100,5.3450e+02,9.27,4253.0,77480.31,132.10,8040.00,3.707,3.3250,0.9280
1,81.063789500,3.00100,4.7600e+02,3.01,511.0,16.12,19.40,6198.00,4.237,1.3240,0.5840
1,13.024933070,4.57060,7.7840e+02,2.88,786.0,90.10,119.30,5657.00,4.364,1.0460,0.0040
1,9.220769100,4.90700,1.4000e+02,1.02,817.0,105.63,13.20,5600.00,4.455,0.8720,0.0370
1,1.922799706,1.86040,2.5970e+02,1.28,1215.0,514.44,30.10,5194.00,4.559,0.8150,0.0360
1,3.222975318,2.92470,2.3270e+02,1.47,1239.0,558.65,31.30,5823.00,4.427,0.9600,0.3300
1,7.139697050,3.98100,5.1290e+02,2.24,965.0,205.23,27.80,6014.00,4.486,0.9930,0.0270
0,3.003632190,3.73200,1.0120e+02,1.43,1571.0,1441.44,38.50,6309.00,4.217,1.3200,0.7270
1,11.301230360,4.02200,2.7710e+02,1.85,852.0,124.42,18.50,5730.00,4.340,1.1220,0.1170
1,17.324191080,8.04500,2.4130e+02,3.14,964.0,204.10,49.10,5968.00,3.972,1.8570,0.7640
1,9.651883310,4.29600,1.0320e+02,1.08,890.0,148.32,19.80,5768.00,4.358,1.0670,0.1220
1,2.403640701,1.40120,7.4900e+01,1.24,1489.0,1164.85,16.30,5881.00,4.315,1.1710,0.9180
1,3.773598710,2.72820,1.7600e+02,1.29,1270.0,614.52,25.60,6224.00,4.404,0.9690,0.0000
1,13.323893520,3.22080,7.8130e+02,1.26,378.0,4.83,25.90,3751.00,4.813,0.4500,0.0730
1,11.419118860,5.13500,5.0920e+02,3.32,921.0,170.33,23.70,6311.00,4.398,1.1720,0.9470
0,1.386635800,4.77000,7.0100e+01,0.72,1503.0,1205.94,6.80,5693.00,4.551,0.8560,0.3783
1,33.006318500,7.11800,2.7810e+02,3.13,778.0,86.38,38.20,5968.00,3.972,1.8570,0.3900
1,29.619389100,4.95950,3.1470e+02,1.74,580.0,26.79,42.50,5618.00,4.401,0.9960,0.0460
1,8.092210500,5.76960,6.5300e+01,1.44,1089.0,331.65,37.50,5774.00,4.106,1.3950,0.9510
0,0.668483615,2.09090,2.8998e+03,29.53,1832.0,2642.17,161.20,5546.00,4.575,0.8100,1.2690
1,4.487587680,2.87400,1.1200e+02,1.37,1305.0,684.07,25.90,6060.00,4.227,1.2570,0.5320
0,14.405857436,5.48509,3.0431e+04,23.42,888.0,146.95,2294.10,5945.00,4.196,1.3460,0.0010
1,15.749585830,4.66720,6.5950e+02,2.77,777.0,86.18,42.60,6191.00,4.454,1.0250,0.6370
1,12.645042910,9.11700,2.0040e+02,1.55,741.0,71.28,32.70,5607.00,4.447,0.8860,0.9310
1,33.884582500,6.53800,2.2410e+02,1.74,533.0,19.13,17.20,5607.00,4.447,0.8860,0.9610
1,30.159941100,7.87400,1.7590e+02,4.54,836.0,115.69,32.30,5010.00,3.620,3.0510,0.8020
0,2.698021895,23.19200,6.7212e+03,52.51,1582.0,1481.76,647.10,6568.00,4.360,1.2110,1.3000
1,117.931108030,5.87960,8.5066e+03,10.36,418.0,7.20,212.50,6392.00,4.425,1.0720,0.6150
0,2.102416517,1.76840,1.5025e+03,29.29,1435.0,1003.06,94.30,5999.00,4.494,0.9590,1.2360
0,4.818861530,6.22300,1.3186e+03,2.96,803.0,98.29,86.30,5030.00,4.658,0.6510,0.9240
1,34.543945200,3.48200,4.2980e+02,2.67,607.0,32.02,23.40,5933.00,4.342,1.1150,0.8700
1,2.495780169,4.27210,2.5070e+04,15.75,1408.0,929.47,171.40,6039.00,4.426,0.9920,0.1330
0,8.344104633,1.80140,9.6950e+03,836.31,785.0,89.55,89.70,5447.00,4.559,0.8380,10.0470
0,3.661326482,2.57140,1.7846e+04,12.07,1023.0,258.60,424.60,5319.00,4.501,0.7980,0.8120
1,3.234699282,3.59385,1.0559e+04,13.06,1356.0,797.62,3003.80,5640.00,4.236,1.2910,0.0790
1,51.929206540,5.26370,3.4258e+03,8.49,574.0,25.60,81.80,5671.00,4.128,1.4420,0.3980
0,1.336109338,1.74190,2.2043e+03,35.19,1727.0,2106.49,150.00,6119.00,4.460,0.9670,1.2800
1,5.841636615,1.87340,1.3363e+03,1.38,446.0,9.38,41.10,3526.00,4.866,0.3830,0.0260
0,0.973547911,2.28580,4.3570e+02,11.52,1814.0,2556.60,38.70,6084.00,4.542,0.8630,1.0970
1,11.008176350,2.01300,1.4625e+03,2.15,488.0,13.39,42.10,4141.00,4.684,0.5820,0.0250
1,0.631331710,1.14870,4.3450e+02,1.20,1322.0,726.72,95.80,4441.00,4.710,0.5300,0.7260
1,10.864409500,1.85300,7.4870e+02,1.14,363.0,4.09,16.80,3526.00,4.866,0.3830,0.7630
1,1.219568047,1.56810,4.9490e+02,1.51,1252.0,578.96,65.90,4838.00,4.625,0.7010,0.0670
1,38.868489560,6.05730,1.0049e+03,2.81,509.0,15.89,73.40,5618.00,4.460,0.8970,0.0280
1,12.309716790,6.74000,3.9600e+02,3.82,1104.0,350.46,45.90,6366.00,4.045,1.6970,0.8470
1,27.072376550,6.95920,5.1420e+02,2.18,605.0,31.58,44.00,5936.00,4.501,0.9650,0.0150
1,55.639188200,7.31600,8.5300e+02,3.13,478.0,12.33,48.30,5949.00,4.493,0.9620,0.8110
1,4.597266130,2.90900,3.1300e+02,1.69,1105.0,352.40,17.00,5999.00,4.494,0.9590,0.0330
0,30.882538697,5.37370,2.4012e+04,15.40,593.0,29.12,1266.20,6014.00,4.486,0.9930,0.1970
1,4.880844560,2.55740,3.4300e+02,1.55,879.0,141.00,32.60,4929.00,4.481,0.8610,0.2270
1,67.669055400,9.55600,9.6110e+02,3.39,495.0,14.24,37.20,6127.00,4.356,1.0800,0.3540
1,3.148661555,2.19780,5.5050e+02,2.15,1097.0,342.76,35.30,5258.00,4.458,0.8730,0.6520
0,0.705448240,2.94230,4.6240e+02,20.03,1868.0,2899.07,118.20,5717.00,4.564,0.8260,1.2000
1,9.653490160,2.90290,1.3086e+03,2.41,611.0,32.98,63.10,4723.00,4.628,0.6910,0.1490
1,10.045563770,3.20270,6.7140e+02,2.19,766.0,81.61,66.50,5632.00,4.554,0.8530,0.0750
1,5.082748362,1.77320,2.7670e+02,1.40,928.0,175.06,40.90,5430.00,4.555,0.8580,0.0630
1,19.738399200,4.89400,1.6810e+02,1.61,744.0,72.32,20.30,5903.00,4.300,1.1560,0.7320
1,52.629854200,6.11800,6.7580e+02,3.68,544.0,20.65,27.20,5339.00,4.096,1.4330,0.3110
1,14.878394500,7.49100,3.2280e+02,1.63,692.0,54.19,22.90,5822.00,4.557,0.8370,0.7490
1,15.594660450,5.04780,8.6770e+02,2.74,718.0,62.88,49.20,5900.00,4.500,0.9290,0.2660
0,32.504563090,2.46570,7.5896e+03,10.68,591.0,28.80,148.10,6132.00,4.479,0.9470,0.9270
0,0.784512952,2.46230,5.8600e+02,25.48,1952.0,3432.93,44.40,5997.00,4.522,0.9040,1.2340
1,2.465024332,1.26200,3.0700e+01,0.69,1561.0,1406.11,23.20,6139.00,4.291,1.1940,0.5480
1,3.797018259,2.26080,1.4431e+04,10.07,982.0,219.64,1549.00,5167.00,4.527,0.8480,0.3210
1,17.423935820,4.92900,7.7090e+02,3.29,722.0,64.13,33.20,6018.00,4.460,0.9690,0.9270
1,44.964074580,4.98100,8.1160e+02,2.00,379.0,4.89,88.00,4827.00,4.615,0.7290,0.1100
1,5.833761970,3.99880,5.3290e+02,2.98,1143.0,403.49,36.60,6213.00,4.387,1.1950,0.7420
1,5.487114410,2.93000,1.3286e+03,3.24,836.0,115.29,51.90,5103.00,4.562,0.7870,0.8120
1,16.738690350,2.39800,9.9680e+02,2.56,576.0,26.06,20.40,5103.00,4.562,0.7870,0.5780
0,5.093938816,3.93144,2.5027e+04,17.19,1137.0,395.38,1131.70,6197.00,4.449,1.0350,0.6180
1,2.364367620,3.37200,2.8400e+01,0.82,1752.0,2228.09,12.40,6250.00,4.184,1.5430,0.1460
1,2.534755680,4.57160,4.6300e+02,2.02,1218.0,519.95,51.30,5662.00,4.532,0.8060,0.8780
1,2.617028373,2.04600,4.9940e+02,1.57,996.0,233.23,30.80,4831.00,4.568,0.7240,0.1460
0,6.714256320,3.33900,2.8350e+02,5.76,1565.0,1416.60,46.50,6093.00,3.737,2.6230,0.9650
1,53.449444980,5.30910,3.4370e+03,5.82,486.0,13.23,119.50,5919.00,4.485,1.0000,0.0920
1,4.646223830,2.51370,4.4650e+02,1.82,830.0,112.18,28.20,4955.00,4.610,0.7210,0.8800
1,19.747339830,3.44440,4.8070e+02,2.62,754.0,76.57,47.10,6243.00,4.406,1.1490,0.5950
1,4.409667500,2.14180,1.3270e+02,1.51,1192.0,476.94,26.40,5836.00,4.347,1.1660,0.8140
1,26.964501000,3.79200,6.0170e+02,2.20,573.0,25.56,20.10,5754.00,4.534,0.9050,0.0060
1,40.428667600,7.10200,9.1610e+02,2.92,494.0,14.08,40.90,5813.00,4.561,0.8330,0.8720
1,22.045916300,5.22000,8.0480e+02,3.05,640.0,39.69,29.70,5900.00,4.509,0.9510,0.8370
0,49.645623500,23.56800,8.5750e+02,43.41,648.0,41.57,176.50,6273.00,4.129,1.4930,1.2360
1,44.841116800,5.90200,1.0516e+03,2.75,390.0,5.45,28.90,4955.00,4.610,0.7210,0.8640
1,6.338559460,3.46170,7.2170e+02,3.31,1034.0,270.47,57.40,6108.00,4.466,1.0300,0.9070
1,32.296427500,4.56100,4.7220e+02,1.90,503.0,15.14,17.90,5246.00,4.470,0.8910,0.2070
0,83.097080210,9.26390,1.5860e+04,13.83,329.0,2.78,277.20,5286.00,4.627,0.6360,0.9930
1,7.891448838,4.28540,1.0345e+04,12.63,1028.0,263.54,1955.10,5972.00,4.313,1.2370,0.3060
1,30.229102740,6.67510,4.4340e+02,3.49,755.0,76.88,71.70,6325.00,4.188,1.5180,0.7700
1,4.853840400,3.19800,1.9640e+02,1.72,1052.0,288.70,15.40,5778.00,4.483,0.9680,0.9430
0,2.621706694,1.94100,4.5720e+03,34.68,1288.0,648.75,24.30,5749.00,4.436,0.8810,1.2790
1,8.689301216,2.56300,1.1170e+03,2.92,782.0,88.24,70.90,5211.00,4.447,0.8950,0.0290
1,1.937029968,1.47270,3.1230e+02,0.87,802.0,97.94,42.80,4042.00,4.761,0.4900,0.1050
1,20.553314410,5.31360,6.7830e+02,3.19,749.0,74.49,40.60,6325.00,4.409,1.1120,0.7950
1,114.736580000,12.03550,4.8500e+03,12.28,476.0,12.13,230.60,5597.00,3.963,1.6990,0.5950
0,24.328225100,6.15800,1.1206e+03,294.02,520.0,17.33,26.40,5286.00,4.590,0.7800,4.4260
1,10.415726660,2.77190,8.2530e+02,3.01,797.0,95.64,69.30,5511.00,4.426,0.9870,0.6820
1,32.275385300,8.62200,2.2390e+02,2.31,683.0,51.50,17.90,5726.00,4.123,1.4830,0.6080
1,8.775147820,3.17600,3.5190e+02,1.91,837.0,115.84,12.70,5334.00,4.372,1.0040,0.5040
1,5.144364500,2.70300,3.1070e+02,1.55,923.0,171.63,20.20,5157.00,4.445,0.9040,0.0310
1,25.942158200,4.04500,5.6970e+02,1.95,501.0,14.85,31.60,5167.00,4.585,0.7960,0.5770
1,2.684328541,2.69382,1.8136e+04,12.73,1265.0,603.57,2833.10,5561.00,4.411,0.9560,0.0760
1,6.531940240,3.33510,7.7190e+02,3.09,907.0,159.66,39.60,5301.00,4.391,0.9770,0.8300
0,1.097211085,1.67380,3.8946e+04,16.07,740.0,71.01,83.50,3497.00,4.920,0.3340,1.1450
1,0.938466959,1.30150,2.1740e+02,1.58,1876.0,2919.17,54.40,5499.00,4.323,1.0870,0.0540
1,4.662719020,2.75700,1.6306e+03,3.86,1039.0,274.98,28.20,5729.00,4.514,0.9390,0.4850
1,7.834433676,2.89000,2.0181e+03,3.47,689.0,53.33,246.60,4920.00,4.620,0.7200,0.7140
1,33.385617600,5.03610,5.5320e+02,2.48,580.0,26.73,37.10,5833.00,4.407,1.0220,0.5620
1,4.444482600,3.68600,1.6300e+02,1.71,1217.0,518.45,18.00,6240.00,4.426,1.0790,0.9410
1,8.047277210,5.15900,4.8600e+02,2.33,855.0,126.56,36.10,5840.00,4.553,0.8490,0.9370
1,15.358767771,4.12230,1.4638e+04,10.89,662.0,45.46,812.60,5422.00,4.484,0.8870,0.4870
0,0.947732530,1.76450,1.1306e+04,45.58,2321.0,6862.81,103.90,6302.00,4.183,1.2690,1.1860
0,3.747812420,5.24100,5.3670e+03,38.04,1172.0,446.47,44.80,5780.00,4.438,1.0000,1.2580
1,17.977603700,4.60500,2.1390e+02,1.58,752.0,75.61,23.30,6296.00,4.460,1.0060,0.7210
1,12.984946030,3.44970,2.5720e+02,1.64,818.0,105.74,38.40,5948.00,4.384,1.0250,0.0460
1,6.991304520,2.15680,5.5540e+02,1.95,716.0,62.05,36.30,4847.00,4.606,0.7610,0.7400
1,6.933651670,4.60800,1.1960e+02,1.70,1104.0,351.27,20.10,5861.00,4.212,1.3040,0.9040
1,33.867778300,3.72000,8.9480e+02,2.31,394.0,5.69,23.80,4564.00,4.593,0.6910,0.7870
0,2.113202658,3.52340,2.1048e+03,207.71,1281.0,635.47,97.20,5482.00,4.502,0.8580,3.1780
1,18.114738130,5.27060,2.4150e+02,2.49,830.0,112.43,51.30,6109.00,4.247,1.3600,0.8960
1,20.422244700,6.22000,1.8930e+02,1.78,785.0,89.74,34.70,6119.00,4.274,1.2990,0.0590
1,12.882913950,5.67600,4.6050e+02,3.15,865.0,132.23,33.60,6036.00,4.326,1.1310,0.9620
1,4.224536310,3.12800,1.5910e+02,1.60,1254.0,584.24,16.70,6036.00,4.326,1.1310,0.8230
1,52.069002000,3.00890,5.5830e+02,2.92,524.0,17.76,25.60,5565.00,4.251,1.2460,0.2750
0,5.082518800,3.32800,1.0500e+02,0.88,968.0,207.45,17.10,5706.00,4.561,0.8340,0.5220
1,13.722368200,5.12310,5.7110e+02,2.23,746.0,73.16,97.90,5637.00,4.399,0.9430,0.0090
1,70.698172400,6.63200,3.5770e+02,1.63,417.0,7.11,37.70,5811.00,4.536,0.8660,0.0260
0,10.581581895,6.66929,1.1264e+05,53.19,1098.0,342.98,1241.40,6168.00,4.074,1.5670,0.2020
1,3.932460690,2.17630,4.5550e+02,1.65,894.0,151.31,30.60,4841.00,4.533,0.7790,0.4160
1,5.960400011,2.86170,8.2830e+02,2.85,890.0,148.26,126.10,5418.00,4.534,0.8860,0.8000
1,69.726466390,3.71770,4.4912e+03,11.65,613.0,33.30,300.70,6430.00,4.107,1.7310,0.0190
1,4.437962934,4.69813,1.6388e+04,18.05,1338.0,757.65,3535.60,5953.00,4.175,1.4150,0.0690
0,26.069251200,7.48700,8.3150e+02,23.61,591.0,28.85,59.70,5585.00,4.409,0.9100,1.2060
1,9.695011460,2.75000,5.1520e+02,2.08,833.0,114.06,18.30,5896.00,4.516,0.9140,0.2930
1,40.109781700,5.20960,7.3200e+02,3.11,556.0,22.65,40.30,5509.00,4.265,1.1690,0.0160
1,8.037537960,2.91180,2.8650e+02,1.54,744.0,72.44,31.10,5044.00,4.511,0.8040,0.8210
1,76.136222220,7.93930,2.9495e+03,4.78,399.0,6.01,339.40,5591.00,4.494,0.8920,0.0440
0,3.964333304,4.71360,2.5886e+04,37.09,1680.0,1881.78,408.50,5758.00,3.808,2.3180,0.0940
1,3.243259880,3.03318,1.6451e+04,12.91,1243.0,563.17,1586.20,5823.00,4.438,1.0130,0.1170
1,92.874729400,7.47400,6.5880e+02,2.64,353.0,3.68,37.90,5497.00,4.570,0.8390,0.9170
1,1.921437488,1.90460,2.7870e+02,1.77,1276.0,626.79,56.70,5238.00,4.472,0.8510,0.9190
1,20.381748020,3.79220,1.5971e+03,3.16,528.0,18.36,46.80,4883.00,4.515,0.8080,0.2950
0,2.139325409,2.80560,6.8978e+03,11.61,1007.0,243.34,164.40,4765.00,4.642,0.6660,1.0190
1,572.376632000,24.42000,1.7434e+03,5.80,264.0,1.15,78.60,6226.00,4.264,1.2990,0.7120
0,12.365646690,3.64400,3.8840e+02,24.89,804.0,98.51,22.80,6075.00,4.495,0.9520,1.2200
1,10.350784150,6.25300,2.7310e+02,1.97,842.0,119.01,36.50,5534.00,4.338,1.0800,0.7900
1,38.652079600,5.60700,5.6650e+02,2.07,487.0,13.28,24.80,5422.00,4.484,0.8870,0.0380
1,55.673582000,3.77800,7.6510e+02,2.19,384.0,5.16,22.70,4998.00,4.530,0.8080,0.2740
1,127.282444200,7.15450,8.0886e+03,12.04,392.0,5.61,148.10,5733.00,4.281,1.1830,0.8270
1,30.183702100,5.87900,9.7490e+02,3.65,634.0,38.20,37.90,5733.00,4.281,1.1830,0.0110
0,41.077296900,5.52500,1.2168e+03,3.25,523.0,17.74,28.80,5665.00,4.381,0.9380,0.0300
1,42.472907800,7.25300,3.3400e+02,2.03,539.0,19.93,22.80,5616.00,4.327,1.1110,0.3610
1,39.457622800,9.55700,2.4480e+02,2.80,658.0,44.26,41.60,6297.00,4.260,1.3690,0.9670
1,15.274438890,6.07650,2.0670e+02,2.17,896.0,152.62,40.30,5761.00,4.091,1.5180,0.1530
1,14.079692360,1.37500,1.6950e+02,2.08,931.0,177.81,26.20,5821.00,4.097,1.5470,0.5440
1,3.609313059,1.77520,1.3751e+03,3.26,1092.0,336.16,35.00,5668.00,4.545,0.8680,0.4080
1,8.411003050,2.45530,7.5560e+02,1.80,472.0,11.71,27.60,3757.00,4.718,0.5390,0.9050
1,134.252047400,9.06360,8.3210e+02,3.43,393.0,5.63,57.20,5818.00,4.276,1.2000,0.0010
1,99.746880400,6.80400,1.2870e+03,3.94,391.0,5.55,45.60,5620.00,4.363,0.9740,0.8280
1,4.336435060,4.14450,1.0850e+02,1.75,1453.0,1054.56,48.00,6180.00,4.133,1.6030,0.6410
1,8.259803520,2.92800,2.9840e+02,1.35,714.0,61.43,18.30,4891.00,4.516,0.8050,0.1610
1,1.907810683,1.87070,1.2050e+02,0.91,1268.0,609.28,40.90,5435.00,4.578,0.8240,0.4100
1,8.025118521,5.36940,3.1204e+03,7.79,1093.0,336.73,373.00,6002.00,4.196,1.3690,0.4540
1,8.305377020,3.75100,3.6560e+02,1.69,809.0,101.43,28.50,5435.00,4.495,0.8730,0.4890
1,51.809827600,6.34300,1.0254e+03,2.60,410.0,6.71,56.80,5191.00,4.530,0.8260,0.2730
1,3.554856338,2.10040,2.3290e+02,1.29,1157.0,425.04,40.80,6068.00,4.565,0.8310,0.3310
1,8.457466360,2.29060,1.3203e+03,1.87,540.0,20.08,21.80,4347.00,4.730,0.5240,0.2090
1,32.134001400,2.69100,1.2620e+03,1.84,346.0,3.39,11.80,4347.00,4.730,0.5240,0.2560
1,21.964016460,2.75090,6.9340e+02,2.57,643.0,40.41,26.90,5774.00,4.447,0.9580,0.4830
1,12.513533250,4.30100,4.3080e+02,1.88,706.0,58.69,30.00,5435.00,4.495,0.8730,0.5960
1,25.214914300,5.76000,1.7410e+02,1.19,559.0,23.05,9.90,5435.00,4.495,0.8730,0.5990
1,4.544436472,1.81410,8.7930e+02,3.00,1017.0,253.48,42.50,5445.00,4.458,0.9370,0.7310
1,38.714961700,3.44100,6.9480e+02,2.62,498.0,14.55,16.20,5445.00,4.458,0.9370,0.6910
0,8.784582740,6.45900,2.1080e+02,2.60,1149.0,411.55,25.90,5927.00,4.046,1.6910,0.6810
1,5.334082429,6.22260,4.6765e+03,13.08,1495.0,1180.64,653.40,6332.00,4.016,1.9050,0.0450
1,19.761692470,3.90970,3.9250e+02,2.81,791.0,92.38,35.30,6327.00,4.327,1.1750,0.9240
1,19.329456020,3.79400,9.3550e+02,2.26,529.0,18.57,26.80,5026.00,4.604,0.7630,0.0090
1,3.311864148,1.40490,5.9765e+03,9.06,1116.0,365.94,448.20,5461.00,4.499,0.9370,0.9050
1,16.923421260,4.18640,1.1253e+03,3.40,702.0,57.37,40.80,5786.00,4.465,0.9900,0.5150
1,4.580346161,2.09700,3.0830e+02,1.38,889.0,147.56,49.80,5103.00,4.558,0.7890,0.3840
1,6.766907590,1.70620,2.4930e+02,1.31,781.0,87.79,29.70,5103.00,4.558,0.7890,0.6480
1,16.736475500,2.15100,1.1470e+03,2.73,464.0,10.99,9.90,4334.00,4.618,0.6530,0.9000
1,7.626354940,2.41680,2.9610e+02,1.21,703.0,57.89,32.50,4955.00,4.610,0.7210,0.2370
1,7.560522090,3.85730,6.5980e+02,2.40,914.0,164.90,34.60,5895.00,4.503,0.9400,0.0220
1,9.387406460,1.61650,3.8460e+02,1.69,575.0,25.83,22.30,4500.00,4.656,0.6460,0.9460
1,24.210197300,4.04600,4.5800e+02,1.50,451.0,9.80,14.10,4650.00,4.589,0.7060,0.4500
1,6.221611070,3.41170,1.6500e+02,1.59,1101.0,348.15,29.00,6277.00,4.417,1.0970,0.8380
1,1.569066598,2.78030,1.4720e+02,1.68,1849.0,2763.39,48.70,5821.00,4.172,1.3950,0.0970
1,7.039329130,3.51400,8.3670e+02,4.67,1060.0,298.33,48.60,5846.00,4.278,1.2400,0.9560
1,7.340714946,2.99870,8.5105e+03,14.31,1155.0,421.03,856.30,6056.00,4.191,1.4980,0.5680
1,3.003879547,3.28480,8.5380e+03,10.96,1438.0,1011.87,80.80,6311.00,4.398,1.1720,0.3380
1,12.758000920,4.18280,1.8790e+02,1.49,822.0,107.96,41.70,5782.00,4.340,1.0950,0.0110
1,6.511123850,1.69190,6.9510e+02,3.09,1008.0,243.67,38.40,6032.00,4.465,1.0010,0.8820
1,2.714078374,1.31150,1.4350e+02,1.38,1301.0,675.86,36.80,5815.00,4.461,0.9920,0.8680
1,6.147283410,2.76450,1.1970e+02,0.79,770.0,83.18,26.80,4997.00,4.598,0.7460,0.1880
1,3.413036353,2.61366,3.8687e+03,6.62,1200.0,490.24,480.70,5392.00,4.314,1.0870,0.0460
1,4.194496867,1.78070,6.6070e+02,1.57,577.0,26.20,45.00,3706.00,4.747,0.5220,0.8630
1,26.853236470,4.45570,9.6580e+02,2.65,544.0,20.77,53.30,5329.00,4.455,0.8690,0.0100
1,34.268574100,4.82510,6.9930e+02,2.44,477.0,12.20,38.20,5083.00,4.468,0.8720,0.6770
1,5.508606990,3.07880,2.0390e+02,1.49,934.0,179.62,38.20,5448.00,4.489,0.8830,0.8790
1,148.460181900,5.49900,1.5321e+03,3.61,285.0,1.56,33.70,5159.00,4.548,0.8210,0.8080
1,25.762684600,6.90800,6.1950e+02,2.66,633.0,37.99,38.00,5739.00,4.381,1.0690,0.3270
1,4.125119350,2.87700,1.1470e+02,0.88,1016.0,252.18,21.60,5598.00,4.565,0.8300,0.2530
1,49.622066900,7.22200,5.0550e+02,3.33,546.0,20.99,47.60,5938.00,4.331,1.1840,0.9390
1,11.551038480,3.36010,4.0280e+02,2.17,845.0,120.76,49.80,5907.00,4.395,1.0580,0.4930
1,15.773827940,4.95700,3.1360e+02,2.72,955.0,196.14,30.40,6283.00,4.129,1.5310,0.0350
1,20.678763650,4.63950,3.2390e+02,2.42,749.0,74.36,42.60,5865.00,4.266,1.2720,0.6650
1,9.599932460,4.32060,2.7120e+02,2.08,967.0,206.91,52.00,5865.00,4.266,1.2720,0.0630
1,201.118319000,10.32800,5.8480e+02,2.28,300.0,1.92,34.70,5646.00,4.447,0.9540,0.0010
1,12.798317400,6.40100,3.3660e+02,2.88,908.0,160.33,38.20,5592.00,4.115,1.4510,0.7380
1,38.505224000,5.94100,6.9520e+02,2.45,532.0,18.98,35.50,5974.00,4.504,0.8810,0.6540
1,8.678903120,3.53170,5.4060e+02,2.56,905.0,158.43,37.40,5509.00,4.308,1.1160,0.2030
1,1.523730730,1.47960,3.6470e+02,1.26,818.0,105.95,34.10,3746.00,4.736,0.5100,0.9420
1,60.085384800,7.00700,4.3220e+02,2.40,485.0,13.07,51.70,6028.00,4.459,1.0470,0.7900
1,16.570992650,2.90520,6.4490e+02,2.03,614.0,33.53,40.90,5483.00,4.589,0.7790,0.5500
1,1.954525966,2.09440,3.9280e+02,2.38,1540.0,1331.18,43.10,5741.00,4.331,1.1360,0.6730
1,6.774089840,2.62150,5.2030e+02,2.50,1058.0,295.82,33.60,6246.00,4.433,1.0920,0.0260
1,26.410441990,3.07150,9.9110e+02,2.45,512.0,16.27,31.20,5448.00,4.613,0.7340,0.6740
1,13.245034820,4.40780,1.5610e+02,1.77,887.0,146.31,35.70,5636.00,4.147,1.3900,0.4980
1,3.856906860,2.08080,1.2780e+02,0.93,972.0,210.44,24.30,5272.00,4.574,0.8130,0.4660
1,6.319435530,3.34220,5.8110e+02,2.71,986.0,223.15,61.00,5670.00,4.397,1.0220,0.7750
1,68.958447000,3.12800,1.2330e+02,1.11,402.0,6.17,30.00,5455.00,4.497,0.8880,0.8210
1,9.693150230,5.67250,1.4180e+02,1.89,1017.0,253.08,45.10,5683.00,4.108,1.4720,0.7340
0,8.480312290,7.10500,3.5110e+02,2.58,952.0,193.86,37.30,5910.00,4.364,1.0780,0.9510
1,6.921014520,4.35910,5.2970e+02,1.48,619.0,34.85,39.90,4461.00,4.661,0.5850,0.7710
1,15.378901400,4.66200,1.8510e+02,2.94,1039.0,275.53,17.60,5817.00,3.877,2.1530,0.3590
1,71.525439380,5.91890,5.9043e+03,5.76,340.0,3.15,111.30,4855.00,4.542,0.7780,0.0660
1,56.434993300,4.73810,5.8000e+02,2.37,465.0,11.04,47.70,5534.00,4.381,1.0010,0.0190
1,13.727103340,7.34190,1.9920e+02,2.38,1005.0,241.58,62.50,5951.00,4.017,1.6930,0.0250
1,9.341459250,6.18000,8.1700e+01,1.56,1143.0,403.44,29.40,5951.00,4.017,1.6930,0.4550
1,21.128565500,3.85200,1.7670e+02,2.88,935.0,180.55,12.50,5817.00,3.877,2.1530,0.3600
1,25.961900670,6.27320,3.5030e+02,3.25,850.0,123.11,37.50,6369.00,4.088,1.7290,0.0200
1,1.855557556,2.35672,1.0570e+04,10.05,1436.0,1004.89,1853.80,5657.00,4.441,0.9470,0.5540
1,105.303509300,6.21400,1.3622e+03,3.18,351.0,3.58,40.60,5534.00,4.515,0.8750,0.0270
1,13.969501810,1.58710,1.1100e+03,2.04,387.0,5.29,37.00,3716.00,4.740,0.5060,0.9010
1,17.760765240,1.66790,1.2872e+03,1.93,368.0,4.34,42.60,3826.00,4.744,0.5160,0.6270
0,20.927358020,3.42560,8.0910e+03,17.36,735.0,69.08,263.50,6126.00,4.358,1.1090,0.9910
1,6.988009530,3.10300,1.9320e+02,1.39,914.0,164.86,17.10,5353.00,4.358,1.0230,0.0240
1,22.824514400,6.61700,3.2270e+02,3.36,946.0,189.46,15.90,6642.00,4.057,1.8460,0.2790
1,7.056751450,2.02610,1.3000e+02,1.68,1196.0,483.95,25.20,6388.00,4.244,1.4020,0.6310
1,2.414348680,1.27010,1.9100e+02,0.97,953.0,195.08,30.00,4507.00,4.573,0.7240,0.2210
1,7.794302043,1.10810,3.3874e+03,16.51,882.0,142.82,159.20,5494.00,4.405,0.9820,1.0600
1,5.248667607,1.91700,6.0120e+02,2.84,1056.0,293.42,59.50,5807.00,4.437,1.0120,0.8470
1,1.485710994,2.28740,2.0824e+04,14.48,1562.0,1404.81,1176.60,5624.00,4.432,1.0180,0.1050
1,1.411230023,1.43250,3.8820e+02,1.71,1164.0,436.04,89.30,4575.00,4.564,0.7370,0.8510
1,13.474727420,2.59950,7.2960e+02,1.96,634.0,38.21,25.30,5395.00,4.615,0.7340,0.0250
1,27.495634000,4.85800,4.8330e+02,2.11,590.0,28.66,24.70,5657.00,4.401,0.9110,0.6640
1,3.905081685,2.82130,2.1340e+04,12.78,1046.0,282.59,1315.80,5543.00,4.540,0.8870,0.1310
1,6.941358240,1.88990,8.2500e+02,2.96,876.0,139.05,43.10,5527.00,4.491,0.8800,0.8710
1,31.782111700,3.85600,5.7020e+02,2.08,528.0,18.32,21.60,5527.00,4.491,0.8800,0.1700
1,18.684837700,3.79650,1.2515e+03,1.93,402.0,6.16,41.20,4156.00,4.712,0.5450,0.4050
1,9.917242680,3.22410,4.5790e+02,2.85,903.0,157.41,38.80,5539.00,4.244,1.2070,0.7860
1,20.160378580,4.13000,3.4360e+02,1.75,510.0,16.03,35.10,4975.00,4.614,0.7240,0.9410
0,1.194812329,1.37770,1.8950e+02,1.36,1806.0,2521.46,41.20,6198.00,4.475,0.9700,0.4040
1,3.764170120,2.01110,5.5840e+02,1.70,908.0,160.99,27.20,5063.00,4.617,0.7280,0.2870
1,12.247612100,3.20900,4.0270e+02,1.90,763.0,80.29,6.80,5741.00,4.492,0.9560,0.1160
1,13.093909110,2.28050,3.9870e+02,2.20,752.0,75.58,62.20,5772.00,4.487,0.9560,0.8600
1,9.767859110,2.16490,5.8540e+02,2.54,749.0,74.48,54.10,5371.00,4.513,0.8520,0.9160
1,1.151166776,1.09070,5.7840e+02,1.28,957.0,199.25,83.70,3951.00,4.730,0.5350,0.0290
0,8.360675900,6.28700,1.9480e+02,1.49,929.0,176.04,17.70,5771.00,4.374,1.0680,0.2590
1,62.138597900,4.29380,8.8630e+02,5.14,524.0,17.88,36.10,5123.00,3.992,1.6210,0.6990
1,26.136344300,6.61300,3.6220e+02,2.80,782.0,88.29,38.10,6188.00,4.152,1.4650,0.1870
1,2.757977384,2.14890,2.1100e+02,1.69,1332.0,744.97,22.50,5919.00,4.435,1.0000,0.8750
1,3.126861192,1.19260,7.9460e+02,5.12,1391.0,886.72,94.60,4854.00,3.939,1.7490,0.6030
1,12.057056590,2.34620,5.2390e+02,1.96,689.0,53.26,20.80,5365.00,4.537,0.8340,0.5480
1,3.770590654,2.02900,3.1440e+02,2.13,1272.0,619.65,37.10,5714.00,4.274,1.2080,0.2400
0,23.117072220,3.99480,2.4075e+03,4.37,548.0,21.26,61.20,5275.00,4.505,0.7960,0.8070
1,66.415978900,7.06100,2.0532e+03,3.44,376.0,4.71,33.60,5383.00,4.603,0.7590,0.3710
1,27.666637500,6.31500,3.2400e+02,2.04,622.0,35.27,24.40,5616.00,4.327,1.1110,0.5190
1,57.248851800,6.08300,1.4556e+03,3.19,431.0,8.17,29.80,5642.00,4.542,0.8460,0.0220
1,16.332699810,2.17400,3.0040e+02,1.61,591.0,28.76,17.50,5208.00,4.563,0.7720,0.8930
1,9.304138780,1.92540,6.3730e+02,1.67,583.0,27.35,24.20,4458.00,4.611,0.6580,0.4880
1,1.653889476,1.72420,1.2440e+02,0.97,1373.0,838.03,22.30,5390.00,4.499,0.8760,0.2260
1,1.678326300,2.51230,1.4630e+02,1.57,1659.0,1797.15,76.10,6015.00,4.370,1.0810,0.9100
1,5.991858270,1.72150,1.8630e+02,2.75,1355.0,796.76,32.10,6157.00,4.049,1.6950,0.9050
1,14.305175790,4.53500,8.6340e+02,3.05,693.0,54.59,37.50,5741.00,4.555,0.8460,0.9240
1,22.708237500,3.50300,2.9880e+02,1.72,677.0,49.67,22.00,6170.00,4.472,0.9920,0.0320
1,8.496404370,2.21280,8.3400e+02,2.14,702.0,57.43,21.80,5093.00,4.586,0.7090,0.6280
1,2.032318856,1.15960,2.8750e+02,1.12,1011.0,247.21,20.40,4670.00,4.635,0.6820,0.0090
1,187.746606000,5.88500,1.5830e+03,2.95,267.0,1.20,20.20,5303.00,4.550,0.7530,0.0150
1,3.177414601,1.52620,1.1343e+03,2.65,997.0,233.26,113.70,5303.00,4.630,0.7080,0.7860
1,37.815415700,4.66200,2.8640e+02,1.21,401.0,6.09,22.40,4856.00,4.624,0.7050,0.5330
1,10.712534750,2.71860,1.1986e+03,2.02,485.0,13.09,31.20,4175.00,4.715,0.5440,0.7200
1,6.117849720,3.45800,6.0500e+01,1.05,1211.0,509.24,25.80,6226.00,4.247,1.3330,0.3910
1,7.684785040,2.44700,2.7410e+02,1.47,830.0,112.06,21.40,5344.00,4.469,0.9070,0.0450
1,1.118547814,1.55340,2.3480e+02,0.98,1174.0,447.97,21.70,4496.00,4.650,0.6580,0.2210
1,81.315305200,5.80700,7.1550e+02,2.55,393.0,5.64,20.70,5325.00,4.390,0.9750,0.0130
1,19.791938900,3.78700,3.8370e+02,2.58,736.0,69.48,22.80,6285.00,4.441,1.0390,0.9540
1,62.891749300,6.83100,7.9100e+02,2.50,384.0,5.13,22.60,5052.00,4.480,0.8550,0.6320
1,2.732767897,1.11020,6.1310e+02,1.42,687.0,52.68,27.00,3825.00,4.749,0.5240,0.7480
0,119.840101900,3.67960,5.4487e+03,26.96,255.0,1.00,83.70,4602.00,4.637,0.6750,1.2690
1,33.240798500,4.67500,3.4190e+02,1.51,486.0,13.17,20.40,5382.00,4.571,0.8270,0.2310
1,28.685321200,6.30700,6.8910e+02,2.69,547.0,21.09,23.80,5726.00,4.559,0.8380,0.9220
1,85.735720200,7.62500,7.4770e+02,2.94,448.0,9.54,20.80,6096.00,4.397,1.0770,0.0330
1,5.037280330,2.06190,7.6300e+01,1.55,1321.0,720.22,20.90,6387.00,4.271,1.3810,0.9600
1,7.186445940,1.49720,4.0200e+02,2.19,860.0,129.48,23.80,5463.00,4.492,0.9100,0.8920
1,41.008111700,4.37600,1.0045e+03,2.64,425.0,7.72,43.90,5303.00,4.630,0.7080,0.8780
1,17.132631250,3.05550,8.5020e+02,2.31,611.0,32.91,26.40,5477.00,4.578,0.7940,0.2980
1,4.579482350,3.10600,2.0710e+02,1.35,1040.0,276.82,20.00,5569.00,4.459,0.9540,0.0550
1,55.822477500,5.45700,8.7960e+02,2.13,379.0,4.85,23.70,5162.00,4.611,0.7360,0.0310
1,4.286866229,4.47260,1.3219e+03,4.14,1217.0,517.66,167.30,6228.00,4.441,1.0490,0.7570
1,5.629043960,3.72950,3.9500e+01,1.39,1576.0,1459.41,32.20,6197.00,3.837,2.1880,0.2370
1,4.421566535,2.12290,6.8400e+02,2.19,729.0,66.94,31.90,4299.00,4.604,0.6970,0.8690
1,1.252753881,2.14720,2.0000e+02,2.44,2199.0,5545.35,40.50,5907.00,4.041,1.7050,0.4000
1,9.989702660,3.70000,9.8840e+02,2.48,705.0,58.26,24.10,5265.00,4.580,0.8100,0.0050
1,1.442592305,2.96980,1.6600e+02,2.67,2700.0,12557.23,27.10,7216.00,3.983,2.0430,0.2070
1,4.920310630,4.04600,8.1000e+01,1.18,1242.0,562.99,17.70,5845.00,4.200,1.3140,0.2420
0,2.303679520,3.08980,1.3640e+02,1.30,1384.0,866.21,18.90,6191.00,4.546,0.8650,0.9640
1,11.085076580,1.75100,7.7180e+02,2.50,665.0,46.17,17.70,5080.00,4.538,0.7930,0.8190
1,4.510050820,2.15330,2.9480e+02,1.74,1063.0,301.74,21.50,5362.00,4.352,1.0320,0.1150
1,12.466004437,5.00660,2.2321e+03,5.65,897.0,152.76,304.60,6038.00,4.284,1.1910,0.2090
1,34.763054300,4.30900,2.9370e+02,1.75,554.0,22.23,24.00,5670.00,4.387,0.9500,0.7310
1,3.170597310,1.66860,3.2540e+02,1.69,1080.0,321.28,20.10,5431.00,4.563,0.8430,0.7930
1,12.509457980,3.47900,1.5530e+02,1.54,875.0,138.54,16.00,5949.00,4.303,1.1840,0.6260
1,0.769854899,1.02430,1.0960e+02,0.93,1650.0,1756.80,28.70,5173.00,4.550,0.8220,0.7050
1,8.071270430,2.39300,3.1820e+02,1.53,856.0,126.94,16.90,5766.00,4.517,0.8530,0.2710
1,30.950592700,5.39400,3.0140e+02,1.51,428.0,7.91,23.20,4983.00,4.660,0.6510,0.9580
1,0.813166357,1.41220,1.7350e+02,1.14,1693.0,1945.44,34.80,5237.00,4.500,0.8870,0.0600
0,17.402089650,3.74500,6.1650e+02,16.37,422.0,7.49,20.90,4098.00,4.662,0.6150,1.2160
1,37.945613800,4.09300,1.0329e+03,2.79,515.0,16.61,24.00,5861.00,4.546,0.8650,0.2630
1,1.217000383,1.32850,4.5980e+02,1.58,1314.0,707.61,26.50,4859.00,4.545,0.7570,0.0280
1,8.796184330,3.37810,2.8630e+02,1.77,938.0,183.26,27.00,6142.00,4.456,1.0460,0.0500
1,6.246675470,11.26100,3.9680e+02,14.93,1902.0,3095.83,63.60,4604.00,2.936,6.2210,0.8770
1,5.766165573,3.83140,3.6480e+02,2.27,1159.0,426.48,65.60,6038.00,4.284,1.1910,0.0170
1,2.888904439,1.60430,4.0220e+02,1.68,976.0,215.06,23.70,4895.00,4.589,0.7590,0.7700
1,16.092275180,2.10720,1.2850e+02,0.98,503.0,15.15,18.10,4657.00,4.641,0.6700,0.9320
1,35.968269200,2.83900,2.6970e+02,2.95,674.0,48.68,21.00,5883.00,4.149,1.5290,0.8830
1,42.300628200,4.37200,5.0790e+02,2.54,558.0,22.94,23.80,5852.00,4.353,1.1290,0.2690
0,0.838597429,1.68668,2.4821e+03,44.67,2278.0,6353.25,303.70,6366.00,4.352,1.2360,1.2740
1,14.974362380,2.44610,2.6540e+02,1.28,631.0,37.53,24.90,5311.00,4.532,0.8000,0.0920
1,2.352273912,1.73890,3.1860e+02,1.29,1019.0,255.03,20.40,4816.00,4.608,0.7480,0.0950
1,8.508333104,3.45590,6.4650e+02,2.60,909.0,161.66,93.40,5767.00,4.396,1.0300,0.0040
1,5.349791000,4.27900,8.8800e+01,1.29,1156.0,422.79,23.30,6074.00,4.368,1.1830,0.8670
1,12.162819500,2.31610,3.0630e+02,3.14,882.0,142.77,15.20,5587.00,4.188,1.3090,0.9710
1,41.697758200,5.51300,6.8480e+02,2.26,488.0,13.45,27.70,5730.00,4.545,0.8700,0.0180
1,38.671584300,5.53200,5.9930e+02,2.45,502.0,15.03,25.20,5432.00,4.420,0.9130,0.7730
1,5.535331520,2.79300,2.6060e+02,1.75,1054.0,292.33,27.50,5588.00,4.331,1.1000,0.0510
1,21.587527880,4.49680,3.3680e+02,2.18,747.0,73.42,34.00,6038.00,4.284,1.1910,0.0090
1,2.685054445,1.04730,2.5270e+02,1.46,1137.0,395.08,28.90,5266.00,4.484,0.8290,0.7620
1,1.543205410,2.57790,9.1200e+01,1.23,1827.0,2636.85,35.20,5866.00,4.200,1.2820,0.2170
1,6.475391080,2.70480,5.3060e+02,1.92,793.0,93.41,28.10,4954.00,4.500,0.8280,0.4860
1,2.949029106,2.03110,3.5830e+02,1.48,1027.0,263.92,29.30,4983.00,4.512,0.8070,0.0440
1,8.308653070,3.27470,8.3610e+02,2.42,747.0,73.53,74.30,5022.00,4.485,0.8490,0.3330
1,7.542358320,4.73000,1.3250e+02,1.59,1054.0,292.19,25.80,5711.00,4.221,1.3910,0.3180
1,1.897828815,2.71140,1.3240e+02,1.73,1761.0,2278.95,27.20,5640.00,4.087,1.5150,0.2270
1,1.104462494,1.04580,4.6910e+02,1.60,1397.0,898.79,35.30,5002.00,4.543,0.7530,0.1510
1,11.173920770,3.30700,3.2480e+02,1.64,796.0,94.84,21.40,5911.00,4.519,0.9140,0.0250
0,0.512407185,1.05790,3.2920e+02,1.03,1255.0,583.45,46.10,3862.00,4.690,0.5630,0.3010
1,2.053341891,2.59600,6.5500e+01,1.44,1737.0,2154.14,23.20,6084.00,4.204,1.3580,0.9660
1,3.614602790,3.22700,6.4800e+01,1.14,1347.0,776.70,14.90,5711.00,4.221,1.3910,0.5160
1,42.191833100,7.08300,4.8870e+02,2.35,526.0,18.08,25.70,5520.00,4.339,1.0800,0.0670
1,2.787874175,2.03480,1.9740e+02,2.33,1432.0,993.06,22.20,4827.00,3.942,1.7270,0.1530
1,17.232328940,4.55680,5.0980e+02,2.79,817.0,105.47,64.10,6086.00,4.274,1.2160,0.3950
1,53.599145900,6.81100,5.2310e+02,2.49,529.0,18.54,23.10,6319.00,4.447,1.0320,0.6580
1,83.488740500,6.21000,9.5540e+02,2.95,411.0,6.76,24.70,5910.00,4.505,0.9400,0.4200
1,59.980986800,7.58800,2.8240e+02,2.81,568.0,24.58,25.20,6103.00,4.202,1.3830,0.9180
1,4.339456900,2.36520,3.3740e+02,2.11,1061.0,300.07,31.60,5330.00,4.366,1.0130,0.8210
1,65.648089200,5.74600,5.8870e+02,3.93,485.0,13.04,22.00,5565.00,4.251,1.2460,0.9490
0,1.811460943,5.06500,4.2850e+02,2.83,1508.0,1224.37,83.90,5700.00,4.382,1.0080,0.9710
1,18.870587050,3.47010,5.8800e+02,2.67,701.0,56.97,28.50,6103.00,4.496,0.9490,0.8780
1,26.695194400,4.57600,1.3260e+02,1.40,706.0,58.81,13.40,6086.00,4.274,1.2160,0.1360
1,7.132947200,4.36800,1.4500e+02,1.64,1102.0,349.21,27.20,5862.00,4.194,1.3070,0.6120
1,17.670029100,6.69300,3.4840e+02,2.89,778.0,86.37,25.00,5795.00,4.265,1.2470,0.9320
1,19.986591600,4.39100,6.4800e+02,4.22,720.0,63.67,21.80,5500.00,4.218,1.2380,0.9620
1,56.259088100,8.11400,3.4880e+02,2.22,543.0,20.49,29.70,6038.00,4.284,1.1910,0.0260
1,3.788618330,2.80800,1.4340e+02,1.23,1158.0,424.17,18.20,5560.00,4.379,1.0400,0.1830
1,11.898494800,3.01500,1.3090e+02,1.69,929.0,176.27,15.90,5862.00,4.194,1.3070,0.8360
1,5.132486123,1.45750,9.0840e+02,1.69,584.0,27.41,35.40,3879.00,4.707,0.5780,0.2170
1,5.123320400,2.74660,2.8620e+02,1.65,994.0,231.12,25.10,5364.00,4.394,0.9820,0.3080
1,61.617452800,3.81600,1.3507e+03,3.36,424.0,7.67,19.50,5480.00,4.485,0.9310,0.0910
1,1.755843555,1.94250,3.8600e+02,1.94,1343.0,771.02,25.10,5569.00,4.566,0.8290,0.8930
1,33.469857100,4.74900,3.7070e+02,2.45,609.0,32.52,23.20,5912.00,4.342,1.0940,0.8760
1,5.600133270,2.65080,3.2920e+02,1.73,952.0,194.26,22.80,5288.00,4.391,0.9780,0.0460
1,5.640676975,2.83540,1.4533e+03,4.59,1125.0,379.36,145.90,5794.00,4.282,1.2160,0.0330
1,12.794547400,3.41970,8.1670e+02,1.60,455.0,10.10,54.10,4090.00,4.696,0.5710,0.1800
1,3.281920560,2.91700,1.9100e+02,1.60,1326.0,728.90,24.50,5859.00,4.335,1.1620,0.2230
1,5.452987420,2.13280,8.6000e+01,0.92,904.0,158.12,21.00,5450.00,4.563,0.8420,0.8790
1,2.832647249,2.30600,1.1470e+02,1.37,1453.0,1054.98,27.50,5865.00,4.266,1.2720,0.3740
1,7.630081960,2.78000,1.2400e+02,1.39,1056.0,293.67,18.60,6038.00,4.284,1.1910,0.6280
1,58.601926000,5.52200,3.9640e+02,2.06,508.0,15.80,19.10,6250.00,4.440,1.0190,0.3920
1,78.099890800,8.42200,6.5690e+02,3.37,480.0,12.52,23.80,5779.00,4.238,1.2840,0.5280
1,3.532324290,2.76500,2.2420e+02,1.43,1159.0,427.65,12.80,5761.00,4.492,0.9560,0.2990
1,40.836630700,4.95600,2.6480e+02,1.50,496.0,14.30,18.70,5529.00,4.457,0.9250,0.3630
0,11.776107300,2.82900,2.8130e+02,1.31,619.0,34.75,15.10,5096.00,4.618,0.6890,0.8290
1,22.242003200,7.53200,6.3500e+01,2.04,954.0,195.54,16.20,5979.00,3.854,2.1640,0.8970
1,12.720370263,2.73060,1.1801e+03,4.75,934.0,180.23,485.50,6267.00,4.280,1.2580,0.7870
1,9.991152410,2.65700,3.9170e+02,1.68,660.0,44.77,16.70,4838.00,4.524,0.7960,0.6910
1,17.251213970,2.03710,2.0548e+03,2.64,385.0,5.17,68.60,3879.00,4.708,0.5370,0.7490
0,1.867281146,7.49500,7.0110e+02,31.18,1561.0,1405.94,58.50,6117.00,4.457,1.0250,1.2520
1,31.201220200,4.07700,3.6010e+02,1.47,406.0,6.44,13.70,4513.00,4.574,0.7220,0.7140
1,45.348638100,4.85800,1.6290e+02,1.61,531.0,18.84,15.90,5610.00,4.301,1.1040,0.8470
1,2.668312740,2.41410,2.6620e+02,1.48,1252.0,581.38,23.30,5806.00,4.528,0.8990,0.3330
1,66.557672800,10.53200,2.1420e+02,4.96,757.0,77.68,21.30,5734.00,3.591,3.4050,0.2540
1,9.082334110,2.00800,2.9690e+02,1.35,734.0,68.75,15.80,5354.00,4.587,0.7880,0.2620
0,0.790539912,1.05670,2.7730e+02,1.24,1502.0,1200.65,31.50,4791.00,4.541,0.7670,0.0080
1,86.829519000,7.46400,7.5100e+02,1.68,196.0,0.35,15.10,3576.00,4.791,0.4630,0.9530
1,10.417287220,4.12500,2.1040e+02,1.64,870.0,135.34,20.30,5557.00,4.288,1.1510,0.1200
1,19.118742500,6.80500,2.1750e+02,2.33,823.0,108.48,20.50,5862.00,4.148,1.4630,0.7400
1,8.839294620,1.71900,3.1620e+02,1.94,778.0,86.50,14.80,5330.00,4.491,0.8700,0.9240
0,0.631795416,1.07030,1.4520e+02,1.88,2797.0,14547.08,24.70,6414.00,4.173,1.5190,0.4330
1,34.989784700,4.20800,4.9850e+02,1.14,292.0,1.71,11.50,3765.00,4.725,0.5210,0.0340
1,26.783893500,4.58400,3.6530e+02,1.59,523.0,17.69,20.90,5242.00,4.512,0.8560,0.0360
1,11.940191010,2.86600,6.3170e+02,1.86,625.0,35.99,15.60,5073.00,4.607,0.7480,0.3480
0,0.512581697,1.57890,2.5910e+02,1.32,2009.0,3827.79,45.20,5547.00,4.571,0.8200,0.2830
1,27.521947720,4.04700,2.3128e+03,2.47,314.0,2.28,106.50,3780.00,4.746,0.5110,0.3500
1,13.563115700,5.43800,3.3640e+02,1.75,733.0,68.41,15.40,5853.00,4.529,0.8950,0.7040
1,4.160566580,2.61000,7.5800e+01,0.70,985.0,222.54,16.30,5481.00,4.574,0.8150,0.0690
0,16.227675600,3.69900,5.2580e+02,2.11,648.0,41.57,20.50,5328.00,4.447,0.8830,0.6330
1,8.679037000,2.86400,3.0160e+02,1.79,949.0,191.84,19.90,6117.00,4.420,1.0270,0.2240
1,0.679336747,1.21880,2.4070e+02,1.40,1883.0,2982.78,36.70,5440.00,4.491,0.9130,0.2090
0,170.865849200,16.98950,2.9841e+04,24.40,387.0,5.33,897.00,5989.00,4.221,1.3240,0.6840
0,8.380697300,3.02800,6.5080e+02,1.91,701.0,57.04,4.60,5062.00,4.601,0.7350,0.5317
1,31.057294700,3.40100,6.3660e+02,1.85,480.0,12.57,15.80,5395.00,4.615,0.7340,0.3350
1,10.043783510,5.54800,4.3790e+02,2.94,951.0,193.39,28.80,6325.00,4.409,1.1120,0.9530
1,10.912740650,2.18010,1.3872e+03,2.13,443.0,9.12,57.40,3834.00,4.708,0.5390,0.6850
1,2.131945045,1.80610,2.6940e+02,1.66,1418.0,955.16,22.90,5845.00,4.469,1.0130,0.2090
0,89.465468000,9.88000,6.7900e+01,2.57,549.0,21.43,5.70,5192.00,3.773,2.4600,0.9310
1,18.016122700,4.01600,4.9950e+02,2.39,768.0,82.38,16.70,6245.00,4.406,1.0650,0.0230
1,21.301818630,3.87630,8.7300e+01,0.72,564.0,23.89,32.40,5437.00,4.571,0.7810,0.0860
1,0.968527683,1.36720,1.1460e+02,1.21,1677.0,1867.00,16.90,5580.00,4.538,0.8860,0.9410
0,0.366197145,1.23350,2.7530e+02,51.34,9983.0,2335438.28,16.70,4448.00,1.694,31.5000,0.3190
1,2.104335340,1.11680,2.4210e+02,0.79,662.0,45.34,20.70,3605.00,4.837,0.4330,0.8720
0,1.958577398,2.38800,4.5300e+02,1.80,1252.0,579.19,24.50,5402.00,4.568,0.8160,0.5900
1,5.191036990,4.22200,2.9010e+02,1.92,1183.0,462.91,25.20,6321.00,4.417,1.1250,0.1170
1,25.193398900,4.62000,4.8120e+02,1.95,513.0,16.34,18.00,5009.00,4.491,0.8400,0.6790
1,2.576571021,1.59970,8.5280e+02,1.57,717.0,62.42,63.60,3834.00,4.708,0.5390,0.1870
1,14.796630600,5.61300,5.6100e+01,0.98,874.0,138.25,22.40,6175.00,4.299,1.3070,0.1820
1,9.182442990,4.31800,8.7600e+01,1.24,1052.0,289.74,20.30,6194.00,4.242,1.3140,0.2570
1,42.992328400,4.72600,1.1201e+03,3.32,496.0,14.33,34.10,5593.00,4.450,0.9450,0.6430
0,4.593595496,2.74680,4.5034e+04,44.14,1022.0,258.12,92.00,5717.00,4.538,0.8840,1.1470
1,11.172672300,6.10600,7.6800e+01,1.50,1019.0,255.06,17.00,5616.00,4.004,1.6740,0.5040
1,6.791646560,3.34300,1.0260e+02,1.01,994.0,230.81,18.50,5772.00,4.351,1.0030,0.1210
1,18.552516200,4.38500,7.7150e+02,2.53,612.0,33.14,17.20,5569.00,4.566,0.8290,0.7800
1,13.031358300,4.52100,5.7330e+02,2.88,774.0,84.94,18.90,5514.00,4.345,1.0710,0.8130
1,8.005047490,3.32000,1.8750e+02,1.52,1035.0,271.68,15.60,6398.00,4.411,1.1010,0.0540
1,18.826287700,2.34400,7.9580e+02,2.34,591.0,28.85,19.90,5215.00,4.481,0.8450,0.1980
1,4.767027590,2.01300,1.6340e+02,1.19,1046.0,282.97,14.30,5629.00,4.430,0.9370,0.0770
1,16.832031750,4.03100,3.2600e+02,1.86,690.0,53.44,21.60,5518.00,4.400,1.0080,0.5330
0,13.374995530,1.63900,4.5810e+02,2.01,703.0,57.85,16.90,5263.00,4.404,0.9610,0.0450
1,18.596115180,2.30520,8.1380e+02,1.53,371.0,4.48,27.60,3834.00,4.708,0.5390,0.0140
1,11.476852630,2.75600,2.4060e+02,1.58,796.0,94.94,16.50,5550.00,4.384,1.0320,0.0700
0,40.008889400,3.61600,5.8230e+02,20.75,585.0,27.65,20.20,6237.00,4.403,1.0230,1.1600
0,4.742545180,1.02300,3.0570e+02,1.77,1118.0,369.34,13.20,6046.00,4.478,1.0070,0.0510
1,3.704290150,3.37000,5.5700e+01,1.45,1839.0,2708.57,15.90,6732.00,3.958,1.9270,0.0010
1,6.033555390,10.04900,8.9500e+01,3.34,1598.0,1540.84,26.10,4924.00,3.356,3.5880,0.3500
1,2.761223700,3.68100,6.6800e+01,1.84,2017.0,3906.36,14.20,6381.00,3.897,2.2320,0.2380
0,5.597276250,1.65900,2.0080e+02,1.26,975.0,213.15,15.30,5796.00,4.522,0.8760,0.4030
1,4.354073710,2.42700,2.7710e+02,1.63,1043.0,279.53,19.00,5455.00,4.421,0.9090,0.7340
1,13.712185220,2.43700,7.8670e+02,2.47,676.0,49.26,22.60,5550.00,4.562,0.8310,0.6800
1,51.131934600,6.01900,3.8230e+02,2.43,542.0,20.36,19.60,6071.00,4.353,1.1070,0.8290
0,133.516435000,2.19600,5.1000e+02,2.01,344.0,3.30,6.50,5989.00,4.553,0.8480,0.6285
1,4.695055760,3.05800,2.4000e+02,1.49,1098.0,343.60,15.90,5999.00,4.494,0.9590,0.2040
1,22.922118100,8.20000,1.4030e+02,1.33,684.0,51.70,24.00,5897.00,4.357,1.0810,0.6030
1,7.426973780,3.20600,2.0520e+02,1.40,899.0,154.52,15.40,5573.00,4.434,0.9820,0.3370
0,0.874629873,1.78200,6.8100e+01,0.72,1597.0,1538.25,19.20,5099.00,4.491,0.8320,0.6650
1,13.297069500,3.28300,2.1970e+02,0.91,515.0,16.64,14.90,4500.00,4.632,0.6330,0.0300
1,7.416830330,7.27400,7.2600e+01,3.36,1425.0,973.85,20.60,4938.00,3.450,3.3240,0.8730
0,12.491173880,2.84800,1.8990e+02,1.36,763.0,80.08,17.00,5753.00,4.461,0.9110,0.7470
1,3.276457230,2.21900,3.2300e+02,1.71,1195.0,482.56,17.90,5812.00,4.504,0.9630,0.0010
1,1.916940872,1.42430,1.0510e+02,0.89,1246.0,571.25,17.70,5083.00,4.468,0.8720,0.4050
1,6.981413270,6.52700,3.8000e+01,1.42,1384.0,865.81,20.90,6054.00,3.923,2.1630,0.6990
0,1.319677953,1.97800,1.0070e+02,1.13,1843.0,2729.71,17.40,6306.00,4.426,1.0760,0.6200
1,5.576547820,3.67300,5.3600e+01,0.92,1183.0,462.81,13.20,6187.00,4.341,1.2380,0.4500
1,3.813714230,1.97300,2.8100e+02,1.37,1029.0,264.63,11.40,5547.00,4.571,0.8200,0.3060
1,13.323540780,3.87300,1.1660e+02,1.32,872.0,136.61,16.30,6113.00,4.341,1.2180,0.2250
1,3.244175410,1.99200,3.7190e+02,1.84,1047.0,283.66,18.00,5094.00,4.469,0.8700,0.7610
0,3.547899280,2.86100,1.8530e+02,0.99,987.0,224.45,13.60,5399.00,4.619,0.7250,0.3250
1,3.656909090,2.06400,1.0740e+02,1.32,1368.0,828.52,12.80,6078.00,4.294,1.2710,0.2170
1,1.681890510,2.99200,8.3200e+01,1.27,1790.0,2432.14,17.40,5827.00,4.191,1.3740,0.4150
1,7.010742950,2.17870,2.2280e+02,3.76,1453.0,1054.63,21.30,5814.00,3.745,2.4760,0.4270
1,94.289223000,4.10200,5.0540e+02,2.11,369.0,4.39,22.50,5632.00,4.537,0.9040,0.6130
1,15.053988600,4.42200,2.2150e+02,1.44,665.0,46.30,16.30,5475.00,4.479,0.8180,0.8860
1,5.148923460,0.96130,2.3550e+03,1.72,436.0,8.54,25.40,3464.00,4.923,0.3280,0.7190
0,0.730943372,3.00400,1.3470e+02,1.37,2190.0,5461.14,27.00,6143.00,4.418,1.0670,0.7920
1,41.745988550,4.61250,4.2180e+02,2.40,584.0,27.58,110.50,5978.00,4.316,1.1710,0.0490
1,100.283067500,10.86360,3.5120e+02,2.51,475.0,12.07,81.90,6214.00,4.238,1.2970,0.5350
1,2.984157711,1.26370,2.5980e+03,0.92,401.0,6.12,24.30,3157.00,5.112,0.1800,0.4500
0,2.755054670,3.42600,8.5500e+01,1.74,1783.0,2387.41,27.80,6257.00,4.063,1.7480,0.7380
1,1.574090323,1.57960,2.2490e+02,0.93,998.0,234.92,17.70,4313.00,4.662,0.6500,0.0710
0,0.497581917,1.46000,1.4060e+02,0.76,1801.0,2487.04,17.10,5271.00,4.634,0.6300,0.3280
1,2.279523364,1.62020,1.2680e+02,0.87,1123.0,374.78,16.70,5017.00,4.516,0.7970,0.0330
1,58.033742600,5.58400,8.0710e+02,3.21,486.0,13.17,34.90,5467.00,4.271,1.1520,0.0210
1,26.675781800,2.69600,4.7480e+02,2.69,630.0,37.15,20.00,5467.00,4.271,1.1520,0.7130
1,11.828884300,3.33700,1.9100e+02,1.18,730.0,67.13,9.10,5653.00,4.551,0.8570,0.2658
1,6.887070730,4.46790,6.8700e+01,1.30,1155.0,420.97,38.20,5788.00,4.122,1.4740,0.6960
0,17.733735600,5.55800,2.1730e+02,1.24,597.0,29.95,17.00,5335.00,4.560,0.8310,0.5140
1,16.231917040,7.46100,5.0160e+02,3.54,926.0,174.10,194.90,5919.00,4.042,1.5850,0.0170
0,1.110599919,1.34930,1.5760e+02,1.07,1539.0,1320.65,38.70,5227.00,4.463,0.8670,0.2140
1,9.024364140,3.01100,2.1460e+02,1.62,939.0,183.39,23.50,5885.00,4.348,1.1110,0.0140
0,1.006527850,1.31750,1.2590e+02,1.03,1815.0,2556.97,17.90,6089.00,4.527,0.8890,0.4670
1,25.873091400,5.08500,6.9440e+02,2.88,667.0,46.82,20.10,6036.00,4.382,1.0930,0.1960
1,7.441361020,4.55400,7.9700e+01,1.33,1075.0,315.02,14.20,5937.00,4.251,1.2910,0.8620
0,3.849334010,2.29900,5.0390e+02,2.12,1147.0,408.84,13.60,5984.00,4.521,0.9060,0.5910
1,6.480213800,3.27000,1.4200e+02,1.26,934.0,180.05,13.70,5496.00,4.417,0.9830,0.7250
1,47.318663100,10.46500,2.6340e+02,2.10,598.0,30.22,36.20,6115.00,4.249,1.2910,0.1890
1,2.215712960,1.82110,2.8510e+02,1.70,1283.0,638.56,22.10,5417.00,4.447,0.9010,0.7960
1,3.446212500,2.10100,8.3500e+01,0.70,1015.0,251.24,15.60,5374.00,4.555,0.7210,0.7040
0,1.868564038,1.19200,1.7670e+02,1.40,1565.0,1417.56,17.20,6065.00,4.427,1.0230,0.4560
1,15.140891600,4.35900,4.7680e+02,1.93,714.0,61.42,20.10,5926.00,4.532,0.8870,0.1360
1,2.226496196,1.70730,1.8391e+03,2.10,697.0,55.76,36.00,3640.00,4.744,0.5030,0.0480
1,16.238477330,3.96990,6.4670e+02,2.76,711.0,60.35,125.80,5683.00,4.422,0.9930,0.7660
1,44.616751000,7.83100,2.3970e+02,2.31,693.0,54.56,28.40,6763.00,4.220,1.4240,0.6180
1,14.009486310,3.39900,1.6990e+02,0.98,617.0,34.32,22.60,5153.00,4.551,0.7670,0.2680
0,3.778816640,5.81900,4.7100e+01,3.99,2580.0,10473.57,22.20,6115.00,3.267,5.5440,0.6280
1,1.291233083,1.85500,6.6000e+01,0.89,1887.0,2993.70,15.90,6384.00,4.419,1.0860,0.2000
1,3.784750700,2.92400,3.3500e+01,0.70,1311.0,699.15,12.20,6017.00,4.326,1.2060,0.0210
1,47.449713400,10.67500,2.0640e+02,1.61,551.0,21.82,16.90,6007.00,4.353,1.1260,0.0160
1,4.115855140,1.48580,4.2580e+02,1.93,895.0,151.55,20.80,4827.00,4.508,0.8230,0.8070
1,27.572214400,5.25600,2.9630e+02,1.94,636.0,38.62,20.00,5912.00,4.397,1.0900,0.5620
0,1.332560553,3.31500,3.1700e+01,0.40,1249.0,574.99,26.10,4947.00,4.621,0.7140,0.3700
1,10.652750540,2.68400,7.4070e+02,2.20,737.0,69.81,17.50,5602.00,4.571,0.8170,0.0510
1,54.409961200,9.31400,1.9300e+02,1.56,513.0,16.35,20.80,5746.00,4.309,1.1330,0.1570
1,6.124797730,3.46600,1.2930e+02,1.51,1140.0,399.43,20.10,6052.00,4.285,1.2020,0.7900
1,4.028770970,3.17300,1.0040e+02,1.21,1311.0,699.45,18.60,6052.00,4.285,1.2020,0.1930
1,7.812858620,4.09800,1.1730e+02,1.68,1196.0,483.06,32.30,6237.00,4.136,1.5430,0.0300
0,0.597933473,1.91800,1.0600e+02,1.24,2564.0,10196.42,26.00,6543.00,4.382,1.1590,0.5620
0,5.195202100,2.15520,3.2080e+02,1.37,836.0,115.35,17.70,5044.00,4.551,0.7380,0.6040
1,28.454890910,8.15930,1.4186e+03,6.08,769.0,82.70,244.70,6206.00,4.159,1.5730,0.5000
0,0.587470828,2.43820,1.9380e+02,51.02,3434.0,33039.47,48.30,5787.00,3.678,2.6670,1.1610
1,35.333193200,5.96600,9.9700e+01,1.55,670.0,47.52,28.80,5788.00,4.122,1.4740,0.6560
1,5.308739780,3.01800,1.2750e+02,1.08,1042.0,279.21,16.70,5914.00,4.483,0.9550,0.1730
0,75.858003500,5.38200,1.1484e+03,2.72,281.0,1.47,16.10,4474.00,4.670,0.6140,0.9350
1,14.887766500,4.98100,2.5250e+02,1.96,831.0,112.85,28.40,6143.00,4.344,1.1160,0.7950
1,7.031462950,5.92200,8.5400e+01,1.38,1194.0,480.26,33.80,6170.00,4.192,1.4990,0.0140
1,12.582298080,6.37500,1.1870e+02,1.53,917.0,167.41,62.10,5587.00,4.091,1.4230,0.0440
0,7.126846950,3.17900,2.0630e+02,1.38,941.0,185.17,20.70,6050.00,4.525,0.8960,0.7100
0,2.488830330,4.26800,5.1400e+01,0.64,1230.0,540.34,15.10,5615.00,4.514,0.8330,0.6960
1,0.881842630,1.31170,2.4990e+02,1.24,1564.0,1419.46,21.20,5268.00,4.594,0.7760,0.4540
1,3.833087643,1.51000,4.6140e+02,2.25,1012.0,247.80,40.20,5397.00,4.543,0.8310,0.9320
1,9.336481410,2.54490,8.8540e+02,2.39,577.0,26.22,23.10,4442.00,4.619,0.6480,0.9010
1,1.289590179,1.35410,2.8600e+02,1.38,1448.0,1040.23,18.90,5467.00,4.578,0.8080,0.4010
1,22.803025200,4.76800,6.2900e+01,1.29,843.0,119.60,20.40,6063.00,4.061,1.6130,0.2910
0,0.623441939,1.40530,1.2810e+02,13.89,3219.0,25489.88,40.60,5385.00,3.639,2.8710,1.0270
1,22.250850900,1.74500,6.1870e+02,2.07,539.0,20.01,11.40,5307.00,4.572,0.7570,0.7710
0,8.531619170,2.95960,6.5744e+04,54.60,891.0,148.92,86.10,5780.00,4.438,1.0000,1.1180
0,18.011676400,6.00600,4.1720e+02,2.02,695.0,55.07,23.30,6003.00,4.507,0.9320,0.6830
1,33.672806580,8.22670,1.7090e+02,1.86,661.0,45.09,61.20,5587.00,4.091,1.4230,0.3090
1,10.310823200,5.61700,2.0400e+02,1.27,786.0,90.10,14.00,5708.00,4.521,0.8930,0.1290
0,1.077467951,2.11250,7.5700e+01,31.06,2339.0,7064.38,47.40,6329.00,4.137,1.5080,1.1810
0,20.719272230,4.03880,2.2460e+02,2.51,818.0,105.78,36.00,5729.00,4.058,1.5450,0.7440
1,109.646994800,6.56800,8.9970e+02,4.85,428.0,7.95,26.70,5332.00,4.083,1.4530,0.7970
0,1.853739240,1.81600,3.4860e+02,0.23,345.0,3.36,18.00,2661.00,5.283,0.1160,0.5510
1,7.063219270,2.41100,2.0720e+02,1.21,827.0,110.22,12.60,5305.00,4.489,0.8180,0.5600
1,15.791965940,7.27720,2.0310e+02,2.40,910.0,161.97,77.30,5758.00,4.072,1.7040,0.0320
1,5.424749327,1.13900,7.6800e+03,5.15,625.0,36.05,78.00,4137.00,4.658,0.5910,0.0160
1,23.198585200,9.82100,2.2470e+02,2.61,793.0,93.34,28.20,5416.00,3.951,1.7560,0.3050
0,0.905037231,1.43510,3.7500e+01,1.10,2627.0,11199.46,29.00,6223.00,4.010,1.7630,0.3230
1,59.496900900,5.40400,1.2621e+03,2.92,369.0,4.36,23.20,4817.00,4.499,0.8330,0.4060
1,40.528988500,10.60400,3.6070e+02,5.92,933.0,178.81,35.30,6443.00,3.740,3.0860,0.3250
0,36.005441400,3.26200,1.1750e+02,3.33,1024.0,259.71,14.60,7048.00,3.797,2.8380,0.7450
1,4.081411554,2.32390,1.7190e+02,1.00,755.0,77.00,36.90,4498.00,4.661,0.6350,0.8760
1,6.834406740,2.27260,1.7710e+02,1.01,636.0,38.68,29.10,4498.00,4.661,0.6350,0.8710
1,0.935115863,1.61720,6.4800e+01,1.05,2124.0,4811.82,21.60,5874.00,4.252,1.2970,0.2430
1,136.205112000,5.56800,1.2093e+03,2.35,248.0,0.89,20.00,4648.00,4.631,0.6750,0.4900
0,1.146934644,1.72470,2.5620e+02,1.39,1554.0,1382.04,19.70,5423.00,4.502,0.8620,0.4050
1,82.200123900,10.62700,2.3390e+02,2.57,525.0,17.96,47.90,5758.00,4.072,1.7040,0.0010
1,0.843379985,1.44740,3.4330e+02,1.70,1541.0,1329.99,53.60,4818.00,4.481,0.8560,0.6960
1,1.341556420,1.64620,5.8200e+01,0.74,1642.0,1715.26,23.70,5779.00,4.440,0.9700,0.2590
1,13.321914610,6.21300,1.3350e+02,2.88,1299.0,672.06,24.30,6995.00,3.925,2.2740,0.7840
1,4.774660430,3.80400,5.4300e+01,0.81,1137.0,395.06,15.50,5727.00,4.328,1.1040,0.0300
1,2.164570593,1.28620,5.2510e+02,1.27,783.0,88.91,19.80,3941.00,4.713,0.5540,0.3380
0,7.374533360,3.74500,3.0440e+02,87.08,1654.0,1770.84,33.10,5028.00,3.289,4.9910,1.1390
1,87.972422700,14.63800,8.6670e+02,3.39,446.0,9.37,64.60,5837.00,4.305,1.1590,0.0150
1,3.568099612,3.21310,9.8400e+01,1.36,1407.0,926.89,52.50,6007.00,4.232,1.3340,0.5310
1,6.002548291,4.16280,2.0200e+02,2.33,1209.0,504.79,71.60,6204.00,4.269,1.3600,0.9140
1,24.854665040,9.18200,7.7620e+02,7.61,1095.0,339.33,88.00,6967.00,3.864,2.5270,0.7460
1,8.512037736,2.18610,5.9780e+02,2.14,839.0,117.11,102.20,5767.00,4.538,0.8810,0.0050
0,5.937199820,3.95000,1.7560e+02,1.47,1059.0,297.14,37.00,6102.00,4.457,1.0260,0.7480
1,2.997929260,4.39800,4.5400e+01,1.12,1616.0,1611.51,16.00,5888.00,4.061,1.6450,0.4030
0,2.115478540,3.66500,2.2290e+02,1.66,1521.0,1264.56,21.60,6208.00,4.454,1.0240,0.7550
1,13.748830590,6.09680,4.2590e+02,3.63,975.0,213.84,167.60,5862.00,4.050,1.6700,0.6580
1,24.307843230,2.60540,6.7710e+02,2.14,532.0,18.87,35.60,5313.00,4.571,0.8200,0.4250
1,3.487688776,3.83661,1.2988e+03,5.64,1445.0,1033.07,350.60,5576.00,4.065,1.5930,0.0260
0,110.321672720,13.36240,7.2966e+03,18.60,761.0,79.11,2217.10,9244.00,4.159,2.0250,0.7150
1,5.885273640,1.95310,1.1270e+02,1.59,1253.0,583.47,27.40,6070.00,4.157,1.4310,0.6220
1,8.457448920,3.28930,7.7400e+01,1.02,982.0,220.05,31.00,5903.00,4.304,1.1370,0.4940
1,5.211045970,3.34470,1.0270e+02,1.18,1107.0,354.82,36.90,6023.00,4.423,1.0310,0.8330
0,66.154495800,6.94500,1.9720e+03,3.33,315.0,2.33,42.70,4679.00,4.627,0.6430,0.8526
1,10.104631420,2.36900,1.1460e+02,1.59,1046.0,283.38,24.10,6070.00,4.157,1.4310,0.5710
1,9.434141710,2.81120,3.9770e+03,5.73,791.0,92.39,40.20,5578.00,4.518,0.8860,0.5380
1,125.629147900,9.10800,7.8416e+03,10.02,388.0,5.35,150.40,5819.00,4.334,1.1110,0.4710
1,6.802579470,4.60800,3.2700e+01,0.73,1026.0,262.26,14.70,6006.00,4.403,1.0820,0.8890
0,1.332557603,6.04300,2.2530e+02,19.88,1703.0,1983.27,28.10,6091.00,4.487,0.9670,1.1740
1,26.723169000,8.50100,1.9500e+02,2.31,781.0,88.10,67.50,5862.00,4.050,1.6700,0.0350
1,18.735771270,3.03560,5.6720e+02,2.10,568.0,24.66,81.80,5188.00,4.547,0.7950,0.7850
1,13.781094710,2.31880,7.5600e+02,1.42,402.0,6.17,112.80,3846.00,4.738,0.5030,0.5450
1,6.029772410,3.96100,5.4600e+01,1.18,1204.0,496.46,11.50,5576.00,4.065,1.5930,0.3790
1,19.270825843,4.12810,6.6605e+03,7.74,661.0,45.05,577.10,5779.00,4.491,0.9560,0.1690
1,3.515754920,1.38100,2.3740e+02,1.35,1033.0,269.57,15.20,5094.00,4.450,0.9010,0.0610
0,14.049818200,2.90700,4.7200e+02,1.45,480.0,12.56,14.50,4228.00,4.618,0.6520,0.5690
1,14.256327200,4.79600,2.0610e+02,1.73,797.0,95.22,14.30,6140.00,4.455,1.0270,0.8940
1,15.771110670,5.05740,5.4710e+02,2.62,752.0,75.61,123.20,5620.00,4.333,1.1430,0.0090
1,38.907875170,4.52710,6.1591e+03,7.98,523.0,17.66,366.10,5779.00,4.491,0.9560,0.6883
0,1.332569520,2.91500,1.6350e+02,1.06,1461.0,1076.99,16.50,5547.00,4.571,0.8200,0.4630
1,10.676159200,4.59400,1.5100e+02,1.79,1049.0,285.79,14.10,6460.00,4.267,1.4340,0.4030
1,22.208095490,7.33270,4.6320e+02,3.02,803.0,98.36,92.70,6336.00,4.266,1.4030,0.0170
1,2.426304127,2.66240,1.8540e+02,1.41,1302.0,679.12,97.00,5678.00,4.484,0.9700,0.6940
0,1.168310132,1.31000,2.8330e+02,1.43,1577.0,1469.16,64.70,5509.00,4.487,0.8570,0.1070
1,12.611968500,6.37200,7.6500e+01,1.33,953.0,194.90,12.20,6007.00,4.178,1.4200,0.7090
1,2.460500950,1.86100,2.7680e+02,1.03,969.0,208.54,16.70,4811.00,4.626,0.6340,0.0520
1,23.910705600,4.99600,2.9400e+02,1.91,709.0,59.76,12.90,6338.00,4.418,1.0910,0.3980
0,5.888835386,3.79880,1.9466e+04,584.67,1008.0,243.87,208.20,5780.00,4.438,1.0000,6.2170
1,5.835994850,2.06200,5.5330e+02,1.92,884.0,144.50,11.20,5423.00,4.542,0.8280,0.1290
0,6.337614357,1.74200,1.8074e+03,9.57,1351.0,787.89,132.70,6581.00,4.138,1.5360,0.9720
1,13.144967410,3.63990,3.0080e+02,1.59,698.0,56.15,44.10,5411.00,4.477,0.8880,0.5910
1,1.495151300,3.43000,5.2000e+01,1.44,1870.0,2880.38,14.20,5635.00,4.117,1.4520,0.9740
1,4.135929270,2.37700,1.5620e+02,1.43,1226.0,535.42,15.20,5886.00,4.345,1.1520,0.1680
0,23.627222300,7.90000,1.5460e+02,3.84,1358.0,804.44,65.80,8308.00,3.861,2.8790,0.7110
1,3.254277742,2.99030,1.5990e+02,1.38,1301.0,675.56,58.60,5945.00,4.402,1.0890,0.3030
1,31.158824900,5.18030,9.5900e+02,3.56,639.0,39.46,73.60,5951.00,4.319,1.1550,0.0290
1,13.899632330,3.57910,1.1217e+03,2.46,521.0,17.37,98.20,4538.00,4.607,0.6630,0.7770
1,9.705693000,7.70200,1.4080e+02,2.07,1001.0,237.46,14.20,5808.00,4.178,1.3850,0.9410
0,8.589695970,8.47100,2.4510e+02,20.80,882.0,143.02,45.90,6024.00,4.523,0.9000,1.1970
1,7.974205830,5.35030,2.9310e+02,1.85,974.0,212.75,55.10,5973.00,4.386,1.0810,0.1280
1,18.684057160,6.93290,3.8150e+02,3.64,832.0,113.34,54.20,5548.00,4.038,1.6140,0.8580
1,4.726740370,2.92670,2.7310e+02,1.56,1028.0,264.08,287.80,5648.00,4.472,0.8940,0.6570
0,0.605223042,0.89860,2.3230e+02,1.14,1728.0,2099.47,20.70,5089.00,4.559,0.7570,0.1090
1,22.476595200,3.43700,4.8140e+02,1.21,419.0,7.27,13.30,4563.00,4.704,0.5670,0.1760
1,5.458499140,4.04480,2.5590e+02,1.91,1099.0,344.32,72.00,5914.00,4.396,1.1350,0.6500
0,19.514841200,3.09600,1.0270e+02,2.80,1200.0,489.75,13.10,7004.00,3.854,2.5560,0.7420
1,15.413081200,6.63580,2.6430e+02,2.59,944.0,187.39,55.20,6206.00,4.159,1.5730,0.3720
1,6.699588510,2.83100,2.5370e+02,1.24,806.0,99.83,13.60,5296.00,4.586,0.7990,0.0000
1,19.783025900,5.48980,3.7320e+02,2.10,708.0,59.39,41.80,5747.00,4.335,1.0990,0.0150
0,10.431146765,3.88530,2.9376e+04,50.44,833.0,114.02,400.20,5780.00,4.438,1.0000,1.2250
1,3.107626840,2.36100,7.7200e+01,0.73,968.0,207.72,15.60,4908.00,4.567,0.7820,0.7000
1,12.834477100,3.84600,2.8100e+02,2.55,891.0,149.42,35.00,6078.00,4.290,1.1890,0.9560
1,4.138276840,3.44900,6.3800e+01,1.13,1324.0,725.53,16.80,5758.00,4.168,1.3850,0.4990
1,18.010199560,3.51600,1.7770e+02,1.93,758.0,77.99,43.40,5931.00,4.322,1.1010,0.9660
0,0.536335190,1.05470,4.4410e+02,1.81,1974.0,3603.58,29.90,5508.00,4.569,0.8400,0.4890
1,8.073940970,2.45500,1.0560e+03,1.59,420.0,7.33,16.00,3675.00,4.869,0.3980,0.9280
1,7.170710381,2.92250,8.6330e+02,2.73,890.0,148.09,89.30,5497.00,4.437,0.9410,0.1880
1,4.761705895,3.30610,4.9710e+02,2.75,1201.0,491.37,138.50,5794.00,4.263,1.2250,0.3840
1,1.638652525,1.95200,1.6690e+02,1.29,1610.0,1585.07,16.40,6119.00,4.472,0.9810,0.3650
1,6.913173200,4.73000,3.9100e+01,0.91,1209.0,505.00,12.50,6296.00,4.210,1.4440,0.2640
1,39.442078100,7.02900,1.7240e+02,2.51,682.0,51.14,15.20,5430.00,3.923,1.9020,0.4200
0,11.505286030,2.09800,2.6020e+02,1.83,912.0,163.79,11.40,6355.00,4.410,1.1080,0.4610
1,41.808503100,7.79700,1.9040e+02,1.67,582.0,27.15,27.30,5794.00,4.263,1.2250,0.0110
1,29.884877230,4.56120,1.2757e+03,2.81,453.0,9.95,128.30,4883.00,4.549,0.7490,0.6580
0,0.993703494,0.76450,6.7400e+01,2.32,3257.0,26588.40,14.50,6854.00,3.808,2.7150,0.4360
1,6.414912770,3.36290,1.2100e+02,1.40,1069.0,309.12,51.10,5931.00,4.322,1.1010,0.8690
1,8.129998580,2.14920,1.4800e+02,2.04,1041.0,277.89,26.10,5611.00,4.144,1.4000,0.8960
0,66.467462170,19.66380,1.2644e+04,11.97,466.0,11.18,1049.30,5843.00,4.403,1.0730,0.1160
1,28.511176390,4.59410,1.8446e+03,3.27,423.0,7.55,145.50,4687.00,4.627,0.6900,0.7700
1,11.200588550,4.56200,2.1990e+02,1.70,808.0,100.91,19.20,6038.00,4.524,0.8980,0.9560
1,19.556620030,8.08700,2.9890e+02,2.45,797.0,95.35,111.00,5671.00,4.094,1.3600,0.6060
1,23.955398600,3.20400,2.2870e+02,2.84,741.0,71.16,13.90,5011.00,3.903,1.7810,0.6690
0,1.024255560,2.64390,1.6317e+03,29.83,1503.0,1211.99,40.60,5337.00,4.594,0.7640,1.3120
1,5.317440164,2.93310,2.9250e+02,1.94,1105.0,351.52,80.90,5923.00,4.377,1.0540,0.7200
1,28.862365710,5.40330,4.4920e+02,2.53,623.0,35.56,64.40,5725.00,4.326,1.0880,0.7780
1,59.737144300,8.00060,5.6640e+02,2.84,520.0,17.26,43.50,5970.00,4.317,1.2000,0.0050
1,5.194927470,3.16700,2.7290e+02,2.03,1238.0,554.37,16.50,6415.00,4.374,1.2240,0.0930
0,1.332515890,4.21600,1.4050e+02,1.30,1747.0,2207.85,22.20,5701.00,4.291,1.0680,0.5300
1,28.227413000,5.78200,1.1134e+03,2.82,565.0,24.03,25.30,5858.00,4.553,0.8490,0.0250
0,2.045167050,3.62500,1.5480e+02,2.90,2945.0,17791.98,16.50,9206.00,4.112,2.1570,0.7400
1,5.651789220,3.09330,1.3410e+02,2.03,1248.0,574.71,39.50,6085.00,4.218,1.4630,0.9060
1,1.541676547,1.91180,2.9650e+02,1.88,1592.0,1517.84,94.10,5533.00,4.337,1.0890,0.3620
1,4.903321801,2.88870,3.3450e+02,2.37,1247.0,570.65,84.50,6045.00,4.276,1.2980,0.0160
0,18.398082700,4.43800,1.4500e+02,1.26,686.0,52.31,17.20,5605.00,4.381,1.0150,0.5870
1,11.629041590,2.97000,8.8000e+01,1.31,854.0,125.89,13.70,5721.00,4.307,1.1310,0.9250
1,20.070875700,6.35400,4.0570e+02,3.20,826.0,110.19,12.80,5902.00,4.128,1.5130,0.6430
1,49.411211270,5.27800,3.1840e+03,6.77,497.0,14.48,125.40,5768.00,4.434,1.0150,0.8850
1,10.399861730,3.37700,2.7530e+02,1.50,678.0,49.86,22.80,4963.00,4.501,0.8260,0.7570
0,0.828206212,1.73700,1.3230e+02,3.88,3274.0,27125.50,68.10,5812.00,3.598,3.2270,0.6150
1,4.454194254,2.30610,1.6042e+04,11.76,1017.0,252.22,1022.20,5359.00,4.425,0.9150,0.4790
1,6.098556030,2.98150,8.4400e+01,0.84,927.0,174.30,24.80,5465.00,4.449,0.9250,0.2100
0,203.250506000,9.81000,2.3890e+02,1.35,292.0,1.71,7.00,5600.00,4.455,0.8720,0.3360
1,11.023474798,1.48140,1.7955e+03,2.46,429.0,8.04,77.20,3744.00,4.718,0.5370,0.7240
1,4.301658430,2.10550,7.3940e+02,2.42,1009.0,244.48,88.30,5480.00,4.509,0.8650,0.5470
1,5.859935955,4.01850,3.2280e+02,2.56,1246.0,569.50,186.70,6181.00,4.220,1.4240,0.0490
1,6.412512953,5.26770,1.1564e+03,3.89,1069.0,308.76,183.10,6026.00,4.366,1.1080,0.5530
1,3.763041531,1.60110,3.5450e+02,1.63,948.0,190.67,37.90,5103.00,4.562,0.7870,0.7600
1,6.996926239,2.73740,1.3174e+03,3.21,888.0,147.07,101.60,5713.00,4.541,0.8930,0.0220
1,117.033521000,6.82200,7.7040e+02,2.68,349.0,3.49,21.90,5312.00,4.384,0.9860,0.1880
0,386.398330000,8.51900,7.4800e+02,2.20,214.0,0.49,4.90,5284.00,4.523,0.8120,0.2870
1,34.259514180,4.77430,1.0725e+03,2.41,468.0,11.36,66.10,5409.00,4.609,0.7460,0.0080
1,9.576659620,3.36030,7.4680e+02,2.88,846.0,121.26,82.60,5386.00,4.322,1.0760,0.0430
1,20.552803110,2.20130,7.2730e+02,2.99,656.0,43.80,42.40,5386.00,4.322,1.0760,0.5680
0,19.535255100,1.01300,1.7320e+03,0.53,161.0,0.16,5.90,2703.00,5.274,0.1180,0.7020
1,151.863949000,8.57700,7.4700e+02,2.41,318.0,2.43,22.50,5713.00,4.541,0.8930,0.0160
1,17.738428860,3.00490,6.0550e+02,2.47,596.0,29.74,29.80,5105.00,4.469,0.8680,0.8450
1,6.873166400,6.85690,3.7538e+03,13.44,1482.0,1140.56,535.50,6490.00,3.942,2.1790,0.0550
1,12.376468970,2.70750,1.7090e+03,2.53,483.0,12.87,81.20,4200.00,4.664,0.6070,0.4680
1,19.577607300,3.38200,9.8100e+01,0.90,628.0,36.82,17.20,5465.00,4.449,0.9250,0.0490
1,22.183322550,5.13640,7.4810e+02,2.78,646.0,41.24,70.30,5565.00,4.361,1.0300,0.0240
1,9.378916700,3.34270,5.6350e+02,2.03,803.0,98.22,42.60,5684.00,4.493,0.8080,0.6710
1,16.549670980,4.38080,7.4450e+02,2.95,656.0,43.72,46.80,5372.00,4.434,0.9160,0.8800
1,6.400157105,2.00040,7.4320e+02,2.52,810.0,101.72,49.10,5299.00,4.597,0.7660,0.8980
1,9.926721500,3.84280,7.2550e+02,2.76,803.0,98.34,97.30,5475.00,4.430,0.9820,0.6250
1,6.470277060,3.34300,1.1690e+02,1.15,926.0,173.79,18.30,5475.00,4.430,0.9820,0.7320
1,46.902643100,3.92640,8.2130e+02,2.60,458.0,10.44,40.60,5402.00,4.452,0.8650,0.6450
1,4.030466786,2.77340,2.9083e+03,4.48,970.0,209.11,227.40,5234.00,4.542,0.8540,0.0330
0,9.279890000,3.33000,1.6430e+02,1.29,897.0,152.86,8.60,6052.00,4.456,0.9670,0.5790
1,4.393157678,2.44550,4.4720e+02,1.41,807.0,99.90,63.00,4799.00,4.631,0.6920,0.1020
0,251.751200000,4.31400,1.1430e+02,1.25,272.0,1.29,7.50,5640.00,4.492,0.9210,0.9430
1,1071.232624000,16.17840,1.9046e+04,9.27,129.0,0.07,544.20,4799.00,4.631,0.6920,0.2160
1,5.852968845,4.59730,1.1465e+03,3.46,1056.0,293.93,152.40,6050.00,4.450,1.0130,0.3160
1,2.820190603,2.55400,4.6750e+02,2.53,1367.0,824.92,64.20,5831.00,4.359,1.1210,0.6140
1,15.779801220,4.03690,5.4140e+02,2.11,713.0,60.96,39.40,5941.00,4.519,0.9110,0.0250
1,10.355864780,2.84310,6.6090e+02,1.92,620.0,34.93,49.50,4646.00,4.539,0.7780,0.1780
1,11.388402170,3.69490,4.3800e+02,3.04,979.0,216.55,34.70,5876.00,4.151,1.4560,0.2430
1,5.931196562,2.49990,1.0074e+03,2.01,562.0,23.50,90.50,3984.00,4.720,0.5390,0.8860
1,7.406116760,2.88260,4.1790e+02,1.37,678.0,49.89,49.60,4799.00,4.631,0.6920,0.0770
1,29.911188600,6.64360,9.4200e+02,2.90,541.0,20.31,50.80,5275.00,4.397,0.9690,0.0410
0,2.908453928,2.53630,4.2750e+02,19.44,1181.0,459.47,40.40,5786.00,4.558,0.8240,1.1950
1,13.646174780,3.40980,6.3300e+02,2.06,678.0,49.89,43.40,5569.00,4.566,0.8290,0.1150
1,8.131213890,4.23860,1.1180e+02,1.58,1117.0,368.36,55.30,6181.00,4.220,1.4240,0.6220
1,13.817335870,4.26100,2.2320e+02,2.04,781.0,88.04,20.40,5735.00,4.356,1.0280,0.9670
1,8.307839120,3.15160,7.7750e+02,2.15,751.0,75.09,66.40,5320.00,4.589,0.7860,0.0190
1,3.595769013,3.15690,3.8370e+02,2.39,1296.0,666.88,45.90,5762.00,4.283,1.1960,0.4960
1,1.902208647,2.19877,2.3435e+03,4.45,1346.0,778.26,363.20,5400.00,4.463,0.9370,0.1160
1,4.973455252,1.65190,7.4160e+02,2.46,867.0,133.55,65.40,5097.00,4.554,0.7970,0.8170
0,4.804469031,3.45870,7.4440e+02,3.35,953.0,194.68,67.30,5470.00,4.528,0.8090,0.9790
1,13.193228090,5.00360,5.8570e+02,2.94,862.0,130.35,50.90,5946.00,4.309,1.2230,0.0050
1,4.425350970,3.50400,1.7900e+02,1.63,1240.0,559.22,22.10,5946.00,4.309,1.2230,0.1770
1,3.137845914,1.91000,3.0570e+02,1.50,1041.0,277.64,30.80,5041.00,4.479,0.8570,0.4540
1,50.698540800,5.97200,6.1090e+02,3.58,595.0,29.58,30.10,5876.00,4.151,1.4560,0.1370
1,90.411799200,7.10600,1.2650e+03,3.96,413.0,6.86,35.40,6004.00,4.484,0.9770,0.8490
1,1.732346403,2.21390,1.8240e+02,1.37,1546.0,1345.92,41.20,5767.00,4.389,1.0140,0.1840
1,16.217749170,4.92740,7.5830e+02,2.22,664.0,45.87,80.30,5837.00,4.577,0.7980,0.3360
0,8.661374000,2.97200,1.6010e+02,1.32,945.0,188.16,4.70,6250.00,4.472,0.9860,0.6469
1,9.668573860,2.46560,4.1170e+02,1.90,730.0,67.06,36.90,5288.00,4.541,0.8360,0.8000
1,9.521644639,2.35690,1.4913e+03,2.16,495.0,14.20,79.20,4041.00,4.697,0.5670,0.0230
1,4.645382149,2.02710,5.6550e+02,1.33,629.0,36.90,40.40,4041.00,4.697,0.5670,0.1540
1,25.302918160,4.49030,2.1057e+03,3.95,535.0,19.39,117.70,5121.00,4.457,0.8880,0.0400
1,289.864067000,7.56500,5.2910e+02,2.34,257.0,1.03,57.40,5516.00,4.446,0.8860,0.8560
1,17.307955480,5.11260,6.3300e+02,3.56,815.0,104.37,46.40,5565.00,4.117,1.4390,0.0000
1,2.092271150,2.40620,2.0760e+02,2.06,1648.0,1746.66,30.00,5565.00,4.117,1.4390,0.2710
1,16.709206280,2.70520,8.3980e+02,2.27,500.0,14.73,40.40,4621.00,4.605,0.6680,0.8550
1,10.139588180,2.64460,1.1559e+03,1.68,447.0,9.41,40.30,3893.00,4.758,0.5000,0.0780
1,0.986785834,1.18790,4.5000e+02,1.19,1054.0,292.35,51.50,4041.00,4.697,0.5670,0.0260
1,8.222413550,2.71000,1.4686e+03,2.28,558.0,22.86,67.00,4213.00,4.658,0.6150,0.2460
0,0.635587392,4.70000,1.4770e+02,28.58,2587.0,10637.41,40.90,5671.00,4.075,1.6080,1.1510
1,11.637030300,3.33720,6.0430e+02,2.90,857.0,127.46,36.40,5576.00,4.257,1.1980,0.0660
1,5.404269170,2.53150,8.6060e+02,2.85,1073.0,312.93,40.50,6122.00,4.487,0.9640,0.2290
1,12.913859060,5.36850,4.8790e+02,2.49,849.0,122.66,40.50,6253.00,4.410,0.9970,0.8450
0,3.723560726,3.43500,5.4000e+02,3.46,1401.0,910.65,58.90,6535.00,4.373,1.1810,0.9540
1,3.705991661,5.16580,5.0140e+02,2.43,1281.0,637.42,100.30,6187.00,4.409,1.0340,0.6230
1,13.767100580,2.91050,6.8480e+02,2.24,595.0,29.55,41.60,5001.00,4.582,0.7600,0.8060
1,3.250582010,2.25370,2.1840e+02,1.19,962.0,202.09,24.00,5001.00,4.582,0.7600,0.6840
0,91.172033000,6.67600,3.6850e+02,1.58,360.0,3.96,7.30,5552.00,4.562,0.8360,0.0050
1,3.701765401,2.60610,2.8830e+02,1.63,1050.0,286.23,35.90,5252.00,4.442,0.8980,0.7130
1,4.180048081,2.44790,1.7656e+03,3.44,957.0,197.81,124.30,5227.00,4.535,0.8380,0.0470
0,44.189389220,6.81510,4.2935e+03,14.00,537.0,19.73,102.00,6061.00,4.438,0.9680,1.0300
1,29.007891660,5.02740,9.0630e+02,2.64,498.0,14.59,44.10,5295.00,4.566,0.8010,0.7610
1,4.309381978,2.89770,3.1070e+02,1.89,1134.0,390.76,42.30,5541.00,4.332,1.0890,0.0340
1,87.091259400,7.00000,1.1291e+03,2.95,321.0,2.52,41.80,5001.00,4.582,0.7600,0.8450
1,7.930583519,3.60830,8.2610e+02,3.05,899.0,154.36,89.90,5674.00,4.446,1.0320,0.5590
1,15.655638660,3.93050,9.5590e+02,2.55,623.0,35.62,53.20,5185.00,4.484,0.8370,0.3040
1,29.198992190,5.12270,2.0472e+03,4.15,540.0,20.05,171.00,5376.00,4.462,0.9400,0.0430
1,10.854095934,3.77680,1.0344e+03,2.99,765.0,80.88,252.80,5465.00,4.449,0.9250,0.4220
0,17.177328207,7.67020,2.4419e+04,15.29,720.0,63.70,1357.50,6032.00,4.485,0.9730,0.2670
1,7.064252021,1.38670,7.2890e+02,2.37,769.0,82.76,52.50,5076.00,4.550,0.7990,0.7520
1,6.919869880,3.42530,1.7010e+02,1.39,961.0,201.41,25.60,5815.00,4.421,0.9540,0.8190
1,4.166966280,2.75350,8.7770e+02,2.74,1053.0,291.34,80.10,5456.00,4.450,0.9430,0.0220
1,39.603400000,6.48700,5.7270e+02,2.22,497.0,14.47,25.80,5456.00,4.450,0.9430,0.1660
1,5.378868001,2.72220,4.8340e+02,1.86,833.0,113.59,60.60,5077.00,4.567,0.7740,0.7580
1,21.053499390,7.16050,4.9660e+02,2.75,731.0,67.48,39.10,5751.00,4.254,1.2470,0.0080
1,6.217160390,4.42890,2.1120e+02,1.81,1098.0,343.21,25.00,5751.00,4.254,1.2470,0.3330
0,21.056475720,1.23800,1.2936e+03,5.05,732.0,67.74,52.10,6156.00,4.381,1.1180,0.9380
0,3.613757526,5.91280,4.8722e+03,7.05,1182.0,461.67,591.20,5986.00,4.498,0.9060,0.8120
1,17.587516920,4.37730,1.3778e+03,4.03,706.0,58.60,109.40,5433.00,4.302,1.1070,0.1060
1,58.362057910,6.33630,5.3747e+03,7.02,446.0,9.33,286.60,5592.00,4.467,0.9530,0.4020
1,6.388996580,3.50320,5.4330e+02,2.89,970.0,209.17,45.80,5527.00,4.376,1.0540,0.8760
1,35.118443200,4.59000,5.4240e+02,3.26,550.0,21.57,20.40,5527.00,4.376,1.0540,0.9580
1,4.263743780,2.27250,1.8200e+02,1.28,1179.0,457.15,23.80,6032.00,4.395,0.9350,0.3680
1,25.854999780,3.87370,6.1050e+02,2.40,637.0,38.81,31.70,6122.00,4.487,0.9640,0.2650
1,20.303035060,4.50380,5.3340e+02,2.16,630.0,37.12,44.70,5788.00,4.524,0.8480,0.7930
0,39.093087500,5.68700,4.7630e+02,2.99,602.0,31.11,10.10,6072.00,4.343,1.1930,0.8620
1,30.826104300,5.91400,7.4220e+02,3.18,544.0,20.68,32.30,5559.00,4.470,0.9140,0.9430
1,3.428063060,2.41700,1.7840e+02,1.21,1131.0,386.14,16.60,5559.00,4.470,0.9140,0.0820
1,18.009322140,4.96110,3.0044e+03,4.96,658.0,44.29,245.20,5815.00,4.540,0.8770,0.5500
1,5.286919960,2.57900,4.1500e+01,0.51,792.0,92.97,15.80,4900.00,4.602,0.7410,0.7050
1,35.181057230,7.54500,9.8770e+02,4.17,664.0,45.89,63.10,6520.00,4.375,1.2150,0.7720
0,11.755600120,4.70000,6.4880e+02,22.39,716.0,62.19,46.30,5644.00,4.575,0.8060,1.2280
1,3.383540239,1.40300,2.5570e+02,1.65,1133.0,389.19,36.20,5300.00,4.385,0.9860,0.6300
1,20.729042340,2.80660,5.6170e+02,1.94,530.0,18.68,31.60,4979.00,4.538,0.8030,0.5590
0,15.852386720,5.17900,9.2850e+02,32.21,775.0,85.35,36.50,5903.00,4.322,1.0050,1.2620
1,4.147021189,2.89970,3.6807e+03,7.31,1258.0,590.84,421.20,5818.00,4.266,1.2050,0.2550
1,24.674582440,3.26480,6.5060e+02,2.33,544.0,20.71,31.90,5456.00,4.562,0.8120,0.8170
1,21.347366120,4.18400,6.3050e+02,3.20,648.0,41.65,53.10,5395.00,4.324,1.0710,0.8850
1,4.243748097,3.36030,1.4097e+03,3.16,1063.0,301.46,139.80,5873.00,4.554,0.8430,0.0320
1,13.981778620,2.95800,1.0184e+03,2.09,553.0,22.10,95.60,4859.00,4.615,0.6510,0.4440
1,247.354914000,8.67700,1.2918e+03,2.29,212.0,0.48,49.00,4859.00,4.615,0.6510,0.0440
0,12.398940050,4.26200,7.0290e+02,4.06,890.0,148.37,50.70,6355.00,4.410,1.1080,0.9750
1,13.343002500,2.73990,7.9970e+02,1.29,379.0,4.87,47.10,3751.00,4.800,0.4430,0.5170
1,77.611442700,7.17860,8.1450e+02,2.59,397.0,5.87,100.50,5465.00,4.449,0.9250,0.0940
1,10.945777830,3.09370,5.3280e+02,2.84,881.0,142.23,52.50,5888.00,4.342,1.0970,0.8190
1,5.035056650,1.80400,1.5150e+02,1.63,1141.0,401.23,16.60,5888.00,4.342,1.0970,0.9110
1,9.286964466,3.36490,6.9170e+02,2.10,762.0,79.68,251.90,5546.00,4.575,0.8100,0.0040
1,12.759344890,3.58890,8.8210e+02,2.58,633.0,37.95,70.40,4963.00,4.501,0.8260,0.6570
0,0.967427812,5.88830,9.1278e+03,29.01,1419.0,956.61,323.40,5066.00,4.625,0.7090,1.2480
1,10.640210080,5.43810,4.5530e+02,2.87,963.0,203.48,58.60,6112.00,4.281,1.2330,0.7700
1,5.996533443,3.31290,7.1140e+02,2.96,1025.0,260.49,70.50,5622.00,4.346,1.0890,0.5100
1,20.134900070,3.79620,1.0352e+03,2.98,544.0,20.66,64.70,4963.00,4.501,0.8260,0.7980
1,6.010383339,2.19390,2.6521e+03,3.80,768.0,82.31,276.10,4882.00,4.558,0.7380,0.4360
0,1.334101467,2.10330,1.2080e+02,1.74,2169.0,5207.55,43.00,6178.00,4.106,1.5800,0.1530
1,15.312963880,3.09350,8.6490e+02,2.34,581.0,26.98,45.30,5081.00,4.596,0.7700,0.6070
0,1.423799421,1.48660,2.0084e+03,4.69,1659.0,1791.61,125.30,5962.00,4.464,1.0190,0.5010
1,14.787671720,6.11910,7.8180e+02,3.46,827.0,110.42,39.40,5814.00,4.269,1.2480,0.0210
1,14.485847650,3.13650,4.5710e+02,2.88,784.0,89.16,52.20,5784.00,4.352,1.0850,0.9300
1,15.458056682,8.79536,4.2532e+03,9.11,871.0,136.40,1055.90,5868.00,4.169,1.4070,0.0500
1,9.848246490,5.74710,4.3670e+02,2.68,947.0,189.82,25.30,5814.00,4.269,1.2480,0.5500
1,51.755305040,7.43550,6.0920e+02,2.61,515.0,16.60,116.90,5979.00,4.394,1.0050,0.6380
0,7.061150810,3.54700,1.5269e+03,171.85,886.0,145.61,60.40,5795.00,4.554,0.8480,2.8240
1,7.238581620,3.11990,2.6820e+02,1.34,816.0,104.51,41.60,5411.00,4.561,0.8310,0.1470
1,3.275821982,3.04270,2.7490e+02,3.54,1730.0,2121.23,64.40,6185.00,4.013,1.9720,0.7460
0,1.360834768,1.48860,1.5705e+03,7.24,1660.0,1792.47,169.80,6215.00,4.543,0.8720,1.0080
1,16.225497500,6.47100,1.2040e+02,1.21,788.0,90.93,20.30,5956.00,4.322,1.0980,0.2730
1,5.924993927,2.88740,1.6081e+03,3.15,758.0,77.91,68.50,5016.00,4.641,0.6790,0.8480
1,23.642196500,5.01800,1.1022e+03,2.90,595.0,29.65,97.20,5750.00,4.538,0.8820,0.0220
1,17.979798160,5.58280,4.5910e+02,2.89,828.0,111.12,43.90,6141.00,4.272,1.3520,0.0690
1,2.462344253,1.81130,1.8010e+02,1.33,1326.0,730.86,42.10,5736.00,4.467,1.0080,0.0510
1,28.779644600,8.34900,2.5320e+02,1.95,619.0,34.65,36.50,6000.00,4.450,1.0440,0.8860
1,17.421159720,4.99740,9.2810e+02,3.11,674.0,48.91,114.30,5679.00,4.487,0.9720,0.6510
1,18.643499860,1.84910,8.1340e+02,2.14,517.0,16.91,16.10,5016.00,4.641,0.6790,0.7740
1,51.079264510,6.37290,7.3680e+02,2.75,503.0,15.17,126.80,5833.00,4.407,1.0220,0.0170
0,1.376384817,1.74500,3.6590e+02,1.47,1343.0,770.31,47.80,5278.00,4.591,0.7460,0.5580
1,3.032147946,3.86270,4.8860e+02,3.62,1507.0,1218.88,103.10,5827.00,4.151,1.4470,0.8360
1,18.794185060,3.29060,1.5290e+03,2.33,412.0,6.79,40.20,4126.00,4.668,0.6020,0.3560
1,10.339240800,3.07500,1.1846e+03,2.98,777.0,86.46,51.40,5730.00,4.545,0.8700,0.1500
0,3.041547148,3.22798,2.0691e+04,60.05,1544.0,1344.31,1670.60,6431.00,4.293,1.2950,1.2330
1,5.169497290,4.51220,2.1060e+02,2.06,1309.0,694.32,66.20,6011.00,4.123,1.4090,0.2350
1,9.360597050,3.20690,2.3650e+02,1.42,784.0,89.47,42.00,5677.00,4.563,0.8280,0.8020
1,68.160989700,5.66200,2.9560e+02,1.45,405.0,6.34,25.00,5677.00,4.563,0.8280,0.4590
1,1.287076693,1.49420,7.2940e+02,1.39,871.0,135.97,65.20,3736.00,4.724,0.5250,0.0030
1,23.449704940,8.65670,3.1560e+02,2.71,802.0,97.94,67.90,6188.00,4.196,1.5240,0.1930
0,42.559306250,3.01480,2.3035e+03,5.45,527.0,18.24,60.90,6032.00,4.489,0.9240,0.9270
1,18.164073040,2.93550,9.4320e+02,1.98,508.0,15.72,99.70,4926.00,4.653,0.6620,0.0210
1,122.385868100,7.12300,7.1110e+02,1.72,269.0,1.24,46.30,4926.00,4.653,0.6620,0.1010
0,1.125963085,1.50340,1.4600e+02,1.41,1988.0,3689.22,43.10,6225.00,4.348,1.1160,0.5960
1,8.594818510,3.25400,3.3650e+02,1.75,854.0,125.48,37.50,5675.00,4.459,0.9150,0.6170
1,25.672155900,5.96290,3.8710e+02,2.68,683.0,51.47,78.40,6034.00,4.359,1.1790,0.8670
1,21.775681580,7.95880,7.9790e+02,4.76,853.0,125.14,117.30,5900.00,4.022,1.6940,0.0250
0,0.834422820,1.87300,5.0900e+01,0.64,1854.0,2794.84,8.80,5838.00,4.529,0.8970,0.1630
1,4.069425638,2.03960,5.4910e+02,1.53,802.0,97.72,68.00,4671.00,4.636,0.6800,0.1020
1,3.162692075,1.95290,5.0370e+02,2.61,1308.0,692.32,75.40,5821.00,4.355,1.0850,0.7160
1,13.175559990,6.66770,2.8000e+02,2.82,1009.0,244.58,48.80,5900.00,4.022,1.6940,0.0130
1,17.406652160,6.86400,5.8690e+02,2.95,814.0,104.04,85.70,6086.00,4.274,1.2160,0.0220
1,11.329770620,3.84500,1.6240e+02,1.37,855.0,126.21,18.50,5821.00,4.355,1.0850,0.0360
1,6.079720160,7.12280,2.9080e+02,2.32,1111.0,360.77,77.90,5460.00,4.139,1.3460,0.4710
0,275.073650000,3.37000,2.2890e+02,1.86,303.0,2.00,7.50,5604.00,4.226,1.1870,0.5950
1,7.693636270,5.03240,2.9510e+02,2.12,1069.0,308.61,55.10,6086.00,4.274,1.2160,0.3660
1,5.374932890,3.95670,1.5580e+02,2.12,1413.0,942.35,49.00,6167.00,4.037,1.6890,0.2280
1,3.886888620,3.68300,5.8300e+01,1.29,1574.0,1448.04,20.80,6167.00,4.037,1.6890,0.0350
1,25.661381600,4.45900,1.6650e+02,1.78,683.0,51.48,14.60,5815.00,4.270,1.1980,0.8640
1,2.755637216,1.85590,5.3670e+02,1.37,757.0,77.57,99.80,4121.00,4.709,0.5530,0.7170
0,36.267167300,2.06500,6.2710e+02,1.50,347.0,3.44,10.00,4264.00,4.637,0.6200,0.2140
1,44.699656300,6.22890,8.3770e+02,3.05,500.0,14.81,71.30,5497.00,4.394,1.0460,0.4720
1,124.524522400,9.65400,6.8990e+02,2.69,356.0,3.78,47.50,5497.00,4.394,1.0460,0.0040
0,4.396999852,1.87500,4.5768e+03,13.57,1231.0,543.48,63.30,5949.00,4.311,1.1560,0.9870
1,3.743166733,3.68880,1.2630e+02,1.50,1423.0,971.76,47.20,6181.00,4.234,1.3310,0.0080
1,7.781998620,3.94700,1.0690e+02,1.32,983.0,220.80,25.60,5762.00,4.314,1.1430,0.8160
1,5.868066282,4.12460,4.3650e+02,3.60,1254.0,584.32,97.60,5918.00,4.127,1.5550,0.8010
1,9.940666412,3.90920,5.2020e+02,2.87,996.0,233.04,161.40,6215.00,4.305,1.2590,0.0200
1,14.707495120,3.15060,2.6200e+02,2.04,819.0,106.22,36.30,5676.00,4.247,1.2800,0.1270
1,47.427711600,5.26790,8.2040e+02,2.33,407.0,6.46,49.90,5132.00,4.571,0.7700,0.6780
0,176.243294600,5.04230,4.9814e+03,48.15,353.0,3.68,86.60,5559.00,4.209,1.2310,1.2710
1,3.071552840,4.09350,8.6000e+01,1.65,1556.0,1389.97,27.20,5918.00,4.127,1.5550,0.8550
1,2.508057497,1.11340,1.5076e+03,3.25,997.0,234.06,312.70,4780.00,4.597,0.7610,0.7420
1,4.585466941,3.44370,3.8350e+02,3.29,1307.0,688.54,84.80,5788.00,4.160,1.4950,0.8230
1,47.903427000,6.19100,3.7930e+02,3.55,598.0,30.17,34.10,5788.00,4.160,1.4950,0.9180
1,9.070981640,2.69030,1.0262e+03,2.94,825.0,109.61,59.10,5672.00,4.506,0.9290,0.0130
1,9.489655270,3.58700,2.6220e+02,2.16,926.0,173.79,42.50,5672.00,4.279,1.2040,0.7950
0,2.858899070,1.46500,5.5700e+01,0.73,989.0,226.09,6.90,4973.00,4.603,0.7540,0.9360
1,7.466620680,3.87000,1.2090e+02,1.65,1141.0,401.08,27.40,5966.00,4.169,1.4990,0.2550
1,11.131790100,4.05100,9.5500e+01,1.47,999.0,235.55,18.20,5966.00,4.169,1.4990,0.3420
1,11.427550984,4.60740,5.0090e+02,2.35,852.0,124.31,165.50,5979.00,4.394,1.0050,0.6080
1,4.159816554,1.62610,1.6030e+02,0.86,759.0,78.40,35.60,4499.00,4.635,0.6390,0.6760
1,4.885488596,5.16165,7.4584e+03,16.66,1496.0,1182.79,2590.10,6036.00,3.968,1.9090,0.3610
1,85.316200400,2.74410,1.9026e+03,6.34,423.0,7.57,32.60,6046.00,4.486,0.9720,0.9720
1,16.087862460,3.09500,6.1250e+02,2.56,668.0,47.17,63.70,5506.00,4.473,0.9140,0.8240
1,4.417462570,2.96500,2.9100e+02,3.95,1810.0,2536.07,22.60,6570.00,3.860,2.2970,0.0850
1,16.338880670,9.35990,1.7184e+03,10.47,963.0,203.31,201.90,4877.00,3.645,2.5950,0.2560
1,18.369746580,2.93900,1.1433e+03,3.58,582.0,27.14,20.10,5244.00,4.538,0.8100,0.9470
1,46.406260000,7.02810,4.6910e+02,2.66,588.0,28.23,51.20,6086.00,4.276,1.2270,0.0180
0,80.840690000,8.56700,9.3260e+03,15.11,500.0,14.83,21.60,5511.00,4.069,1.5970,0.0030
1,5.599315430,3.89440,8.4800e+01,1.22,1142.0,402.39,41.40,6003.00,4.303,1.1090,0.9140
1,17.790016780,4.41160,8.7140e+02,2.70,655.0,43.50,67.20,5569.00,4.474,0.9270,0.1820
1,6.790120801,6.04370,2.3023e+03,9.86,1434.0,998.97,526.10,6372.00,3.954,2.0010,0.4860
1,2.453236139,1.66910,1.7232e+03,2.26,737.0,69.36,158.00,3912.00,4.728,0.5330,0.4960
1,4.138528250,2.28100,2.5650e+02,1.30,954.0,196.51,20.50,5297.00,4.578,0.8250,0.1850
1,28.081859820,4.52880,1.8403e+03,3.63,522.0,17.52,50.80,5431.00,4.563,0.8430,0.4250
1,10.088810660,1.77260,1.9959e+03,4.71,734.0,68.62,51.40,5431.00,4.563,0.8430,0.9210
1,14.586498560,4.02490,3.7870e+02,2.45,852.0,124.89,53.00,6063.00,4.290,1.1910,0.6650
0,1.055692860,1.28900,3.7500e+01,0.45,1395.0,898.72,7.10,4955.00,4.561,0.7510,0.1310
1,31.804759910,8.69900,3.6060e+02,2.99,664.0,45.90,73.40,5867.00,4.235,1.3560,0.8700
1,8.600153929,9.00150,4.5102e+03,26.52,1703.0,1986.75,1208.10,6093.00,3.475,3.9130,0.2960
0,3.059339060,1.73320,1.1692e+03,36.00,1434.0,999.16,37.70,6238.00,4.337,1.1160,1.2590
0,12.435190544,3.83050,7.1900e+01,0.52,545.0,20.93,4.80,4756.00,4.676,0.6200,0.3210
1,19.597317000,4.50800,1.0141e+03,3.78,671.0,47.90,23.70,5569.00,4.368,1.0190,0.8700
0,2.814013020,5.80100,5.5700e+01,1.51,1723.0,2081.51,33.80,5541.00,3.869,1.9670,0.5670
0,1.891310050,5.68700,1.5560e+02,6.40,1590.0,1507.16,18.70,5706.00,4.255,1.1200,1.0350
1,0.692978457,1.13660,6.1000e+01,2.24,3186.0,24240.83,20.90,6105.00,3.805,2.3040,0.9380
0,0.502622858,3.08500,1.4600e+02,1.41,2478.0,8838.66,41.10,6029.00,4.385,1.0980,0.6930
1,3.504723440,1.94640,9.0700e+01,0.80,1019.0,254.49,18.40,5115.00,4.477,0.8540,0.3090
0,2.152927880,3.04300,4.1400e+01,1.02,1841.0,2708.61,21.50,5851.00,3.969,1.5550,0.4500
0,0.924821319,2.59400,1.2240e+02,1.10,1963.0,3514.31,24.30,6135.00,4.455,0.9740,0.4010
1,214.881456000,9.58100,7.5920e+02,2.68,286.0,1.59,16.10,5323.00,4.378,0.9950,0.0230
0,383.435950000,11.05900,1.2280e+03,2.53,214.0,0.50,14.10,5576.00,4.615,0.7290,0.0250
1,101.110701400,8.02900,8.7810e+02,1.61,229.0,0.65,24.10,4133.00,4.705,0.5610,0.0460
0,0.907943645,1.91440,1.0289e+03,49.37,2219.0,5715.61,53.70,6434.00,4.354,1.1660,1.3560
1,72.382698300,8.27900,3.6640e+02,4.21,575.0,25.83,29.50,5508.00,3.897,1.9880,0.7910
0,360.330120000,15.16000,1.0220e+03,2.34,200.0,0.38,12.20,5054.00,4.606,0.7400,0.3698
0,1.332547503,4.52100,1.3030e+02,1.23,1719.0,2062.92,25.50,6077.00,4.471,0.9990,0.7460
1,24.497268300,5.43000,4.4910e+02,2.74,722.0,64.25,19.50,6392.00,4.399,1.1620,0.8170
0,368.714790000,16.46000,1.2100e+03,91.06,236.0,0.73,10.90,5716.00,4.544,0.8720,1.9265
0,1.106011820,2.57700,5.2900e+01,0.77,1903.0,3093.39,15.50,6241.00,4.450,1.0310,0.5320
1,0.971915957,1.60230,7.3700e+01,0.79,1609.0,1591.27,16.70,5196.00,4.458,0.8890,0.5920
0,0.735146413,5.05300,2.7540e+02,168.34,5366.0,195250.90,78.00,6611.00,3.112,7.4350,1.1920
0,4.449023090,1.37300,8.8900e+01,0.55,699.0,56.19,10.40,4353.00,4.681,0.6030,0.0340
1,1.005205893,1.63000,9.7500e+01,0.85,1682.0,1893.23,15.00,5718.00,4.549,0.8630,0.1370
0,43.796785000,18.84000,2.5630e+02,20.79,542.0,20.40,21.20,6109.00,4.432,0.9410,1.1870
0,0.730949487,2.36700,8.7300e+01,1.27,2311.0,6730.38,15.80,6238.00,4.365,1.1910,0.8600
1,2.892239980,2.52100,4.4300e+01,0.70,1287.0,647.55,17.30,5574.00,4.354,1.0650,0.0170
0,363.411650000,14.79000,9.6170e+02,3.14,263.0,1.12,17.40,6025.00,4.472,0.9990,0.3923
1,6.967049260,3.73000,2.1370e+02,6.14,1774.0,2341.58,18.60,6303.00,3.595,3.5300,0.9060
1,67.968656000,7.94800,3.2180e+02,1.71,443.0,9.09,27.30,5670.00,4.387,0.9500,0.3170
0,366.242820000,15.76000,7.3370e+02,2.40,237.0,0.75,18.20,5713.00,4.541,0.8930,0.2350
0,0.678349364,3.09200,4.8600e+02,19.06,1844.0,2737.73,12.00,5569.00,4.566,0.8290,1.1870
0,1.891318200,4.37400,2.0230e+02,0.90,983.0,221.36,17.60,4476.00,4.627,0.6330,0.4390
0,0.941840589,5.06000,3.8830e+02,27.05,2200.0,5547.35,23.00,6419.00,4.330,1.1420,1.1980
1,9.919376930,4.32600,1.8670e+02,1.32,838.0,116.43,18.80,5688.00,4.415,0.9710,0.1630
0,0.918510251,2.58700,5.2600e+01,1.77,2795.0,14485.22,20.30,5837.00,3.791,2.3380,0.6220
1,4.242630960,2.58200,1.8760e+02,1.10,926.0,174.24,15.90,5072.00,4.521,0.8250,0.2010
0,1.027904857,1.63810,2.3812e+03,30.48,1653.0,1769.20,117.80,5432.00,4.446,0.8720,1.2610
1,198.088873000,7.95500,1.0277e+03,3.24,288.0,1.63,18.00,5275.00,4.397,0.9690,0.6330
0,1.081937210,4.78800,1.1530e+02,0.77,1385.0,870.17,14.40,4965.00,4.555,0.7360,0.1680
1,28.906052600,3.09900,9.9000e+01,0.79,414.0,6.94,13.30,4657.00,4.641,0.6700,0.8630
1,8.827157830,2.01900,3.6860e+02,1.67,797.0,95.25,11.10,5550.00,4.539,0.8780,0.2490
0,9.089151782,3.18860,1.1010e+02,4.35,1848.0,2754.19,7.10,6729.00,3.493,4.0990,0.0430
0,25.952872500,12.43400,1.6410e+02,1.53,697.0,55.82,16.90,6370.00,4.410,1.1060,0.7410
0,0.621361411,1.06280,4.5000e+01,1.12,2913.0,17004.65,24.60,6234.00,4.046,1.6600,0.0170
0,324.180280000,18.15000,8.7900e+01,2.20,382.0,5.01,10.90,5792.00,3.835,2.1830,0.7330
1,56.644452000,16.55100,1.0460e+02,2.44,733.0,68.37,21.80,6237.00,3.862,2.2950,0.5790
0,1.710319812,2.98300,4.3600e+01,0.56,1426.0,978.84,19.10,5774.00,4.524,0.8250,0.5590
0,365.259210000,13.74000,5.2900e+02,2.39,268.0,1.23,12.80,5993.00,4.415,1.0420,0.0035
0,0.885129679,3.15600,1.7730e+02,1.21,1780.0,2373.06,21.20,5792.00,4.547,0.8640,0.6510
0,0.696286519,3.19400,1.2080e+02,1.34,1969.0,3537.89,19.70,5904.00,4.543,0.8670,0.9850
1,5.791799340,3.47400,1.1850e+02,1.69,1222.0,528.14,17.70,6174.00,4.244,1.3180,0.8960
0,0.847588864,2.24600,6.7100e+01,0.91,2144.0,5000.82,21.30,6335.00,4.427,1.0720,0.5070
0,0.996023763,5.41200,9.8300e+01,18.36,1991.0,3727.96,21.30,6110.00,4.387,1.0770,1.1470
0,0.715825886,1.21200,4.0600e+01,0.58,1920.0,3196.46,11.00,5640.00,4.486,0.9090,0.0990
1,26.548729400,7.96800,1.4200e+02,2.54,836.0,115.61,15.30,5456.00,3.802,2.1540,0.2100
0,0.787120016,3.16480,2.6550e+02,23.81,1972.0,3579.78,43.30,6112.00,4.481,0.7870,1.2630
0,72.563291000,3.08800,3.3230e+02,1.99,436.0,8.58,6.40,5780.00,4.438,1.0000,0.4863
1,174.510276000,6.68900,1.5300e+03,1.74,186.0,0.28,14.80,4367.00,4.822,0.4520,0.0240
0,1.038896100,4.75500,6.0080e+02,114.10,2494.0,9145.54,14.70,7043.00,4.264,1.4500,1.7017
0,5.243898200,7.88100,1.6220e+02,1.24,1026.0,262.14,18.70,5804.00,4.473,0.9270,0.6440
1,64.001966900,4.72400,1.1125e+03,2.48,322.0,2.55,14.20,4652.00,4.617,0.6970,0.7010
1,9.328191200,3.99100,4.5200e+01,0.59,788.0,91.02,13.70,5525.00,4.514,0.8880,0.0440
0,374.590030000,15.19000,2.6790e+02,1.34,227.0,0.62,6.60,5497.00,4.508,0.8270,0.0624
0,0.505111993,0.40530,2.1280e+02,1.58,1886.0,2970.58,18.70,5262.00,4.590,0.7830,0.8410
1,3.385574450,1.87900,1.2190e+02,1.63,1476.0,1122.90,13.10,5718.00,4.069,1.4800,0.1290
0,4.206109000,5.16000,1.2000e+02,0.91,999.0,235.01,11.90,5480.00,4.522,0.8020,0.6070
1,4.563836970,2.27100,2.0180e+02,1.22,980.0,218.18,9.90,5408.00,4.496,0.8610,0.3650
0,1.332584550,5.77000,1.5270e+02,15.89,1680.0,1884.66,8.10,6039.00,4.493,0.9510,1.1410
0,0.960842633,2.64410,2.0229e+03,67.53,2808.0,14655.53,176.10,7381.00,4.186,1.5970,1.3410
1,5.495485330,2.46100,8.5800e+01,1.30,1293.0,661.04,14.20,6157.00,4.159,1.3920,0.2020
1,3.582738370,1.52300,3.6050e+02,1.64,1064.0,302.74,11.60,5448.00,4.517,0.8720,0.1430
0,12.425273500,20.75600,8.4700e+01,2.37,1299.0,673.53,36.60,6156.00,3.703,2.5570,0.1710
0,1.404674486,5.05600,1.5550e+02,0.86,1126.0,379.50,20.70,4716.00,4.650,0.6090,0.8171
1,12.310135100,3.79700,2.6370e+02,1.51,651.0,42.42,12.90,5009.00,4.491,0.8400,0.7830
1,6.942452160,3.49100,1.6080e+02,1.34,1003.0,239.39,14.70,6108.00,4.466,1.0300,0.4850
0,0.935086665,1.12000,7.1200e+01,1.18,2431.0,8250.80,13.10,6762.00,4.282,1.3480,0.4742
1,66.373298000,8.55900,4.1500e+02,1.99,471.0,11.59,13.70,6143.00,4.470,0.9760,0.0210
0,0.973160836,0.86400,1.3830e+02,1.22,1932.0,3303.84,9.80,6108.00,4.466,1.0300,0.0340
0,0.950735805,1.14340,1.7510e+02,1.39,1908.0,3129.59,17.10,6039.00,4.478,1.0050,0.5700
0,3.794872100,1.71300,3.0510e+02,16.10,1083.0,325.63,11.30,5883.00,4.580,0.7930,1.1680
0,3.471481640,4.67900,1.2270e+02,0.85,970.0,209.73,9.50,5297.00,4.626,0.7160,0.7190
1,85.756791900,5.69500,1.5910e+02,2.99,528.0,18.44,16.90,5037.00,3.783,2.2130,0.7130
1,2.936587946,1.89520,2.7960e+02,1.77,1190.0,473.18,20.10,5455.00,4.421,0.9090,0.8630
0,0.918921494,0.94250,3.2100e+02,1.49,1697.0,1960.12,23.70,5655.00,4.561,0.8330,0.0110
0,8.480501900,8.34500,1.6490e+02,1.26,781.0,87.82,11.00,5555.00,4.554,0.7370,0.9720
1,2.946489350,3.15500,5.7000e+01,0.89,1497.0,1187.50,12.70,6481.00,4.378,1.1710,0.0100
0,342.315407000,12.47600,7.1970e+02,3.15,304.0,2.03,13.30,6425.00,4.373,1.1640,0.1974
0,349.410470000,15.02000,6.5280e+02,2.41,253.0,0.97,17.70,5878.00,4.512,0.9450,0.2791
0,168.846630000,9.75000,2.1510e+02,1.45,329.0,2.78,9.30,5897.00,4.489,0.9920,0.1251
1,4.341953120,2.59800,7.3300e+01,0.94,1236.0,552.70,10.60,6164.00,4.378,1.0900,0.1180
0,0.536650896,4.70200,2.7320e+02,18.45,2163.0,5179.76,117.80,5819.00,4.494,0.8810,1.1750
1,3.600828550,1.93800,2.9630e+02,1.36,927.0,174.45,17.90,4838.00,4.524,0.7960,0.3950
0,370.902370000,10.55800,5.4580e+02,1.97,238.0,0.76,14.70,5835.00,4.554,0.8470,0.0566
0,0.952378454,3.89200,4.3800e+01,1.46,2528.0,9651.76,17.40,6963.00,4.250,1.3750,0.9960
1,6.305583870,2.61900,1.9310e+02,2.52,1125.0,378.90,9.50,4934.00,3.927,1.7560,0.6010
0,0.750744255,1.79210,1.7060e+02,17.07,2074.0,4387.10,50.40,6187.00,4.499,0.9370,1.1540
1,64.272908800,12.13600,1.2139e+03,5.38,554.0,22.31,27.40,6341.00,4.278,1.2990,0.9080
0,13.845272600,2.55500,9.3200e+01,2.34,1276.0,626.93,10.40,6845.00,3.890,2.3240,0.5660
1,1.450889836,1.75300,1.3570e+02,1.21,1700.0,1970.75,15.70,6046.00,4.423,1.0230,0.3330
0,358.101884000,6.39300,1.1400e+02,0.95,242.0,0.81,12.80,5786.00,4.526,0.8560,0.5804
1,3.036208739,0.93240,1.8205e+03,1.40,520.0,17.31,26.00,3464.00,4.923,0.3280,0.1110
1,1.538185321,1.68300,2.7720e+02,1.29,1234.0,547.92,15.20,5107.00,4.615,0.7230,0.7000
0,1.089076495,2.27400,4.3700e+01,0.75,2016.0,3923.24,15.30,6444.00,4.416,1.0790,0.5970
0,0.503999678,0.54210,9.7560e+02,2.97,1605.0,1566.41,96.80,4898.00,4.686,0.5680,0.9620
1,2.209231190,2.39200,5.9800e+01,0.84,1507.0,1217.79,14.30,5991.00,4.375,1.0920,0.1100
0,370.476780000,15.69000,6.5620e+02,2.37,252.0,0.96,11.80,6050.00,4.525,0.8960,0.5386
0,372.543530000,21.83000,1.1060e+03,74.14,226.0,0.62,11.90,5561.00,4.557,0.8360,1.7826
1,0.849906734,1.14100,1.2430e+02,0.59,1139.0,396.64,12.00,4296.00,4.733,0.5050,0.6400
1,10.423173430,2.34100,7.1200e+01,1.07,901.0,155.70,11.20,5767.00,4.287,1.1350,0.8110
0,0.566804221,4.63900,1.6600e+02,0.85,1737.0,2149.42,31.00,5277.00,4.625,0.6400,0.5360
0,1.105095798,2.62400,1.4170e+02,0.89,1445.0,1025.90,17.40,5296.00,4.604,0.7520,0.2950
1,13.060039900,2.85100,1.0680e+02,0.80,630.0,37.30,12.50,5168.00,4.566,0.7690,0.4950
0,0.641069613,1.03300,7.8600e+01,0.86,2196.0,5512.38,10.50,6077.00,4.451,0.9610,0.0610
0,1.306272140,5.14400,9.5400e+01,0.87,1490.0,1161.23,10.30,5513.00,4.543,0.8620,0.5700
0,360.154170000,12.80600,7.9060e+02,2.99,270.0,1.25,11.10,6065.00,4.452,1.0610,0.2583
0,3.747843740,3.65800,1.1650e+02,1.08,1226.0,534.57,12.80,6122.00,4.471,0.9960,0.0930
0,0.909314811,2.20530,4.0500e+01,0.99,2503.0,9311.68,30.20,6508.00,4.163,1.4470,0.7220
1,207.247850000,6.15900,8.0920e+02,1.56,189.0,0.30,13.20,4339.00,4.711,0.5530,0.2100
0,3.289319360,1.92100,1.6600e+02,50.51,1364.0,818.01,11.10,6335.00,4.427,1.0720,1.4220
0,368.524660000,11.90000,6.8030e+02,3.05,288.0,1.62,14.00,6343.00,4.411,1.1370,0.5045
0,3.087236260,2.61500,1.0190e+02,1.20,1451.0,1046.77,12.10,6418.00,4.395,1.1710,0.2516
0,0.631106722,0.99420,4.9200e+01,0.63,1945.0,3367.19,17.60,5400.00,4.443,0.8980,0.1940
1,114.336052000,14.07700,2.3980e+02,2.09,429.0,8.02,13.00,5802.00,4.218,1.3160,0.5290
0,0.992799002,3.48780,1.6530e+03,40.12,1933.0,3302.31,97.80,6217.00,4.472,0.9890,1.3295
0,8.799918780,41.56400,8.6910e+02,224.56,1979.0,3624.62,236.10,8092.00,3.725,3.2670,1.6053
1,101.952048000,5.99100,1.5250e+02,1.31,428.0,7.92,10.30,6210.00,4.407,1.0540,0.0840
0,183.854867000,14.99600,5.2060e+02,2.40,345.0,3.36,10.80,6225.00,4.450,1.0310,0.4202
1,3.946607450,2.70500,3.0940e+02,1.40,981.0,218.91,12.70,5376.00,4.576,0.8060,0.2780
0,368.485180000,11.26000,3.0180e+02,1.98,283.0,1.52,13.70,6140.00,4.354,1.0960,0.5758
1,8.701796110,3.04800,3.0410e+02,1.37,750.0,74.58,11.80,5295.00,4.548,0.8000,0.0450
0,0.933747395,4.79800,3.0900e+01,1.24,2596.0,10738.05,26.70,5574.00,3.818,2.1740,0.5410
1,6.108294500,3.49300,6.1100e+01,1.06,1267.0,608.39,10.80,6720.00,4.316,1.2890,0.6300
0,1.278393310,6.34300,1.9500e+01,0.86,2853.0,15656.19,15.20,7758.00,4.106,1.9180,0.2010
0,6.674105770,3.64500,1.6090e+02,1.62,1022.0,257.38,12.60,5949.00,4.389,1.0410,0.9270
0,0.499664962,1.61230,3.4300e+01,0.50,2056.0,4230.98,31.60,5570.00,4.561,0.8550,0.2800
0,1.444384490,2.70400,7.5400e+01,1.08,1980.0,3622.28,10.80,6667.00,4.358,1.2130,0.4660
0,367.197960000,15.92000,1.4610e+02,1.08,253.0,0.96,10.70,6054.00,4.525,0.8890,0.0858
0,216.456055000,11.06700,1.0028e+03,3.61,320.0,2.48,14.20,5645.00,4.299,1.1550,0.0330
0,381.186540000,9.73000,9.8500e+02,2.29,193.0,0.33,9.00,4977.00,4.607,0.7340,0.4109
1,5.176249970,5.26100,7.8700e+01,1.31,1243.0,565.42,13.40,5578.00,4.088,1.4970,0.0970
0,0.934181579,3.94300,1.2100e+01,0.79,3268.0,26937.31,19.80,7624.00,4.029,2.1520,0.6200
0,0.918422380,5.66400,1.6290e+02,16.07,1525.0,1280.40,12.90,5288.00,4.613,0.7400,1.1860
1,9.740485080,1.69930,1.2140e+02,0.95,673.0,48.52,25.80,5051.00,4.562,0.7210,0.8900
0,2.161326620,4.48700,1.1220e+02,0.50,687.0,52.58,25.30,3754.00,4.818,0.4300,0.7780
0,0.514771509,1.25600,4.3400e+01,0.57,2113.0,4749.21,12.00,5730.00,4.545,0.8700,0.2220
1,196.436796000,8.55600,6.3190e+02,2.33,292.0,1.72,14.40,5462.00,4.452,0.9460,0.0190
0,262.477098000,5.81600,1.0160e+03,1.92,178.0,0.24,9.70,4227.00,4.641,0.6200,0.0753
0,0.933728755,4.36300,1.3500e+01,0.72,2777.0,14057.75,17.90,6652.00,4.036,1.8630,0.6450
0,357.130890000,13.04000,3.3050e+02,1.62,246.0,0.87,11.80,5838.00,4.529,0.8970,0.1365
0,68.538296000,3.62700,1.0870e+03,25.77,1031.0,267.17,11.30,4687.00,2.613,8.1230,0.0020
0,1.716593040,1.15400,1.3800e+02,1.17,1607.0,1577.89,9.50,6192.00,4.467,0.9870,0.1534
0,0.913244995,0.49310,4.7800e+01,0.77,1967.0,3541.46,10.20,5923.00,4.402,1.0490,0.2860
0,0.922255890,4.22700,3.3000e+01,1.29,2206.0,5614.19,7.10,5631.00,4.114,1.4850,0.9920
0,43.075911500,90.95000,3.4520e+03,213.46,1032.0,268.50,323.10,4766.00,2.919,5.9150,1.2560
0,6.094066480,2.08500,3.0270e+03,54.54,1417.0,953.63,19.00,6785.00,4.162,1.6660,1.2350
0,2.449266550,2.98800,1.0820e+02,0.76,1033.0,269.06,10.70,4840.00,4.551,0.7490,0.2530
0,1.195506180,3.33700,2.6900e+01,0.78,2152.0,5062.04,13.30,6088.00,4.150,1.4630,0.4830
0,1.682076240,1.51900,5.4700e+01,1.01,1980.0,3646.10,11.10,6495.00,4.191,1.3110,0.5600
0,3.747882080,4.18300,1.5340e+02,0.94,979.0,216.97,13.60,5340.00,4.593,0.7770,0.0900
0,1.674956220,2.99400,3.5900e+01,0.77,1843.0,2732.19,15.30,6323.00,4.296,1.2630,0.3990
0,3.556427900,6.99800,1.3140e+02,0.80,972.0,211.41,12.30,5404.00,4.638,0.6940,0.3590
1,16.473474000,4.20100,4.7050e+02,1.63,612.0,33.22,13.00,5364.00,4.529,0.7540,0.0140
0,1.089060570,2.74300,7.6200e+01,0.75,1511.0,1235.96,10.40,5087.00,4.463,0.8810,0.2900
0,0.523629052,3.44300,1.2200e+02,46.33,9801.0,2181689.59,61.40,4136.00,1.392,44.4480,0.0450
0,1.085229874,0.65200,2.3810e+02,1.37,1632.0,1675.45,7.60,5713.00,4.554,0.8510,0.4390
0,0.739404894,1.75300,2.4680e+02,0.94,1256.0,589.06,21.00,4205.00,4.635,0.6240,0.0770
1,62.869463000,6.84200,3.4170e+02,1.96,349.0,3.51,16.20,4762.00,4.535,0.7810,0.9540
1,11.634860090,5.46600,2.9230e+02,2.61,961.0,201.96,18.40,5570.00,4.066,1.5480,0.0530
0,1.208528832,1.33600,1.8080e+02,1.25,1725.0,2084.15,10.60,6072.00,4.510,0.9230,0.0390
0,1.653201440,1.52500,1.3210e+02,0.74,1059.0,296.80,6.70,4544.00,4.609,0.6610,0.1480
0,24.241610300,5.13700,3.2340e+02,1.61,596.0,29.92,10.80,5763.00,4.527,0.9040,0.0690
1,29.349385200,4.31300,6.5920e+02,2.02,451.0,9.81,20.30,4987.00,4.613,0.7220,0.7500
0,0.708726708,0.75300,3.1360e+02,0.92,1302.0,684.35,13.40,4607.00,4.733,0.5150,0.2800
1,25.159338900,5.19800,3.5810e+02,1.76,619.0,34.70,13.10,5973.00,4.506,0.9350,0.0350
0,1.332568744,3.75500,2.4100e+01,0.58,1941.0,3346.25,29.10,6620.00,4.411,1.0810,0.7510
0,2.426498620,2.01400,2.9200e+01,0.75,1638.0,1705.27,15.20,6033.00,4.176,1.3160,0.6730
1,7.514396700,4.86500,3.6300e+01,0.96,1199.0,488.52,9.80,6206.00,4.159,1.5730,0.3990
1,5.327841570,4.69600,8.7200e+01,0.86,1023.0,259.32,15.90,5638.00,4.391,0.9280,0.1160
0,5.660274452,0.90770,4.1410e+02,11.02,950.0,192.77,26.40,5615.00,4.478,0.8420,1.0920
1,33.420300100,5.30700,4.3660e+02,2.46,581.0,27.02,8.90,5731.00,4.372,1.0660,0.7890
0,23.815783560,3.75910,4.8567e+03,8.40,560.0,23.20,71.00,5561.00,4.572,0.8180,0.9580
1,47.056847600,5.22320,1.5312e+03,2.84,411.0,6.72,38.00,5288.00,4.613,0.7400,0.0270
0,1.245331397,2.56600,3.8100e+01,1.61,2678.0,12115.45,26.50,6106.00,3.781,2.4770,0.6490
1,21.863463800,3.54200,8.7100e+02,2.37,551.0,21.77,9.90,5383.00,4.587,0.7890,0.5020
0,86.439293100,6.53400,1.1751e+03,35.31,442.0,8.99,20.50,6208.00,4.454,1.0240,1.2800
0,365.788630000,12.76000,8.8500e+02,2.21,215.0,0.50,10.50,5407.00,4.585,0.7520,0.1564
0,224.447413000,4.98600,6.5100e+02,2.05,260.0,1.08,7.90,5489.00,4.574,0.7980,0.4162
1,0.689967868,1.16880,1.2290e+02,0.78,1539.0,1336.82,28.70,4872.00,4.615,0.7260,0.1190
0,0.573709256,1.49320,1.3120e+02,7.05,4415.0,90258.45,37.50,5261.00,3.130,5.7690,0.6900
0,0.962834800,2.25900,9.2800e+01,0.81,1648.0,1734.83,7.60,5559.00,4.554,0.8380,0.3090
0,1.891274380,4.49100,3.2300e+01,2.03,3342.0,29488.85,24.60,7919.00,3.663,3.4600,0.5140
1,66.650452100,5.74400,5.3690e+02,1.56,308.0,2.14,27.10,4550.00,4.627,0.6790,0.4330
0,10.882416555,5.46740,1.6630e+04,29.69,632.0,37.81,265.20,4946.00,4.570,0.7150,1.1990
0,14.200500700,5.23200,8.0600e+01,13.28,843.0,119.41,10.60,6332.00,4.406,1.0650,1.1060
0,1.213746520,3.37100,2.8900e+01,0.59,1880.0,2945.61,17.40,6238.00,4.407,1.0490,0.5700
1,5.249704320,2.74600,6.1900e+01,0.67,954.0,195.30,13.90,5528.00,4.499,0.8530,0.2480
1,16.295125900,3.67800,1.9790e+02,1.15,574.0,25.59,13.00,4915.00,4.512,0.8120,0.4940
0,358.564620000,11.64000,1.7020e+02,0.99,219.0,0.55,9.60,5375.00,4.531,0.7520,0.4108
0,359.325900000,9.83600,2.4620e+02,3.60,410.0,6.69,13.50,6570.00,3.902,2.2700,0.2279
1,13.227475300,6.35600,2.2980e+02,1.94,867.0,133.34,16.40,6269.00,4.405,1.1550,0.8030
0,0.580725004,2.07100,1.0520e+02,0.85,1939.0,3355.68,18.00,5471.00,4.530,0.8410,0.1370
0,1.190873620,1.78500,6.7500e+01,0.73,1489.0,1165.78,8.00,5158.00,4.464,0.8880,0.3930
0,410.116760000,13.97000,2.1690e+02,1.41,242.0,0.81,11.20,5587.00,4.372,0.9650,0.2430
1,54.509154900,5.12500,6.2220e+02,1.94,308.0,2.13,17.00,4406.00,4.670,0.6030,0.9400
0,118.403900000,5.59300,4.2600e+02,3.46,517.0,16.83,4.40,6486.00,4.091,1.6400,0.4062
0,0.779579130,2.45700,7.0400e+01,0.71,1819.0,2585.39,11.10,5699.00,4.553,0.8530,0.1830
0,21.993112000,8.61600,1.0157e+03,23.21,523.0,17.75,37.30,5205.00,4.604,0.7470,1.2490
1,112.303136000,5.86900,5.0210e+02,1.30,241.0,0.79,13.10,4401.00,4.677,0.5950,0.2480
0,1.332548970,3.08300,5.9170e+02,32.84,4664.0,111977.04,16.20,4894.00,2.445,13.7770,0.2410
0,37.324839520,6.96760,4.9892e+03,30.32,461.0,10.67,155.60,5306.00,4.550,0.7900,1.2630
1,177.668663000,9.29800,9.0140e+02,2.32,233.0,0.70,12.70,4721.00,4.615,0.7010,0.7720
0,1.235175880,5.47600,2.3290e+02,1.59,1697.0,1955.70,19.30,5780.00,4.438,1.0000,0.6250
1,81.416013800,14.17500,7.6230e+02,4.63,522.0,17.53,54.30,6352.00,4.267,1.4010,0.9110
0,8.590047100,3.46300,1.3700e+02,0.80,677.0,49.76,9.60,4914.00,4.575,0.7070,0.0980
1,49.276844800,3.78700,1.1329e+03,1.75,271.0,1.28,17.80,3899.00,4.713,0.5290,0.0220
0,370.356390000,12.75000,7.3220e+02,2.82,268.0,1.21,13.00,6117.00,4.457,1.0250,0.4140
0,8.480320790,5.79100,1.7070e+02,0.95,759.0,78.45,14.70,5415.00,4.556,0.7280,0.0040
1,18.137378800,3.84400,3.1080e+02,1.41,433.0,8.31,11.30,4257.00,4.648,0.6020,0.9450
1,47.986911900,5.34200,8.5930e+02,3.35,493.0,14.01,25.70,5641.00,4.408,0.9810,0.8730
0,1.003049079,7.96570,2.1927e+05,42.50,1714.0,2049.63,1766.70,5775.00,4.518,0.8440,0.5680
0,12.083457000,3.53600,3.1250e+02,2.09,932.0,178.53,8.60,6422.00,4.364,1.1750,0.1069
0,386.828262000,5.04500,1.0249e+03,6.54,340.0,3.15,19.70,6384.00,4.107,1.6150,0.9530
0,14.128098960,2.32600,2.6310e+02,1.60,781.0,87.80,20.30,6072.00,4.470,0.9880,0.0460
0,207.471349000,7.46900,2.2920e+02,1.57,316.0,2.37,8.00,5731.00,4.359,1.0330,0.3093
0,12.425604040,23.94020,4.5890e+02,2.52,733.0,68.44,40.80,5713.00,4.541,0.8930,0.9600
0,56.406510430,18.43320,1.0229e+05,21.93,358.0,3.87,1597.30,5011.00,4.617,0.6470,0.6250
1,22.127088500,4.47200,4.1820e+02,3.94,721.0,63.98,12.60,5312.00,4.103,1.4450,0.9560
0,10.678478700,2.30700,2.0100e+02,1.12,712.0,60.70,9.40,5459.00,4.583,0.7970,0.2710
1,15.033062300,6.32600,1.3220e+02,2.18,928.0,175.74,14.90,5849.00,4.076,1.6010,0.8960
0,124.935767380,7.56080,2.4090e+05,49.34,362.0,4.06,332.80,5887.00,4.477,0.9410,0.5420
0,8.480304281,7.46159,8.3115e+04,65.00,1504.0,1210.22,5219.50,7059.00,3.946,2.2100,0.2350
0,11.320287875,4.82219,2.4341e+05,59.23,928.0,175.69,1539.90,6153.00,4.302,1.1270,0.5260
1,14.556561800,4.55400,1.0380e+02,1.08,787.0,90.40,17.10,6065.00,4.452,1.0610,0.0310
0,33.025717900,6.03200,5.0710e+02,2.21,564.0,23.95,12.20,5819.00,4.468,0.9900,0.0440
0,24.061274400,19.94380,4.4015e+05,83.77,749.0,74.37,1161.10,6461.00,4.338,1.1380,0.4610
0,4.809126670,7.93310,1.3409e+05,44.30,1270.0,615.74,1033.20,6462.00,4.371,1.1660,0.4710
1,0.538354070,1.50450,1.9020e+02,1.67,2386.0,7609.22,46.60,5539.00,4.244,1.2070,0.3340
1,96.169569000,7.49600,8.9450e+02,2.07,321.0,2.52,20.00,5340.00,4.633,0.7020,0.0490
0,60.326688240,1.68640,3.1467e+03,4.98,240.0,0.79,57.00,3705.00,4.721,0.5290,0.9740
1,17.934660600,6.25000,1.4270e+02,2.80,1002.0,238.78,18.80,6426.00,4.013,1.7750,0.9760
0,6.282033445,8.37770,1.8179e+05,144.85,1029.0,264.78,1178.00,6074.00,4.450,0.9760,1.7770
0,2.181555909,4.41739,8.5407e+04,91.30,1730.0,2119.28,1548.20,6584.00,4.331,1.2460,1.2610
0,11.961543300,3.12900,4.2450e+02,2.24,847.0,121.71,12.40,6142.00,4.456,1.0460,0.5760
0,76.819854650,5.16249,2.2916e+05,46.61,379.0,4.88,2314.50,5654.00,4.590,0.7740,0.7280
0,0.715802309,1.55860,2.2086e+03,25.52,1656.0,1787.96,137.70,5239.00,4.600,0.7570,1.2510
0,4.753078770,2.35000,9.3300e+02,505.94,7040.0,580415.20,6.40,3486.00,0.500,180.0130,0.0190
1,1.772451066,2.45920,7.9200e+01,1.02,1685.0,1904.34,22.40,6243.00,4.406,1.1490,0.0060
0,14.282141700,2.06800,2.2490e+02,1.08,625.0,36.03,8.70,5374.00,4.588,0.7260,0.0120
1,30.860978300,4.21600,1.2890e+02,1.08,525.0,17.96,17.80,5627.00,4.552,0.8330,0.8520
0,15.651348720,4.15530,3.1040e+03,118.33,1396.0,898.69,81.60,6552.00,3.586,3.2890,1.2670
0,29.911334059,7.26916,3.5438e+05,47.83,471.0,11.68,1349.80,5303.00,4.632,0.7040,0.5590
0,46.698200933,3.57049,5.4592e+04,38.79,468.0,11.31,879.00,5772.00,4.518,0.7560,1.1310
1,15.995603730,3.47100,2.2170e+02,1.04,550.0,21.54,20.00,4955.00,4.610,0.7210,0.0880
0,50.355458980,5.51863,1.0714e+05,31.66,492.0,13.81,1219.40,5936.00,4.501,0.9650,0.1590
0,313.092750660,14.34470,4.4561e+05,47.52,207.0,0.44,1952.30,5067.00,4.596,0.6730,0.3950
0,4.218512654,3.62939,2.3417e+04,16.67,1189.0,472.03,699.90,6185.00,4.472,0.9910,0.7670
1,16.007472370,1.26700,2.7760e+02,2.99,838.0,116.46,14.70,5857.00,4.204,1.3050,0.9750
1,100.827672500,8.39000,1.7788e+03,4.35,364.0,4.16,36.70,5301.00,4.391,0.9770,0.6760
0,15.975041700,3.54900,6.4350e+02,90.37,1143.0,403.20,37.50,5220.00,3.520,3.4560,1.2110
0,0.759740194,3.25200,4.2500e+01,0.67,2059.0,4245.86,13.70,6046.00,4.478,1.0070,0.4970
0,2.992662857,2.52580,1.1370e+05,60.35,1476.0,1123.54,296.80,4927.00,3.883,1.8370,0.0010
0,1.674984844,4.92134,2.3458e+05,150.48,3055.0,20561.29,858.80,8285.00,3.971,2.4510,0.7310
1,7.319452940,4.88100,1.6680e+02,5.05,1682.0,1891.07,16.30,5745.00,3.499,3.9550,0.1120
0,290.777871900,12.05250,2.2577e+05,45.27,222.0,0.58,1836.80,5207.00,4.585,0.7340,0.7610
0,2.148219541,2.94091,4.5784e+05,49.60,1009.0,244.99,619.80,4694.00,4.600,0.6720,0.4240
0,1.450205839,3.63730,2.5884e+04,92.78,2675.0,12063.44,419.00,7564.00,4.093,1.8930,1.2360
0,1.992812339,2.06600,3.1480e+02,6.81,675.0,48.82,16.80,3638.00,4.844,0.4200,1.1270
1,39.818832000,10.75700,1.9910e+02,2.23,650.0,42.32,29.40,5710.00,4.073,1.5240,0.6000
1,198.710625100,8.63800,2.0948e+03,3.56,258.0,1.05,62.10,5180.00,4.548,0.8000,0.0260
0,50.563697000,5.38100,5.0500e+01,1.57,761.0,79.36,6.80,6759.00,4.018,2.0220,0.7790
0,95.178317934,3.60125,1.2858e+05,28.75,272.0,1.29,2279.10,4523.00,4.615,0.6530,0.7610
1,82.292865000,7.04800,3.7110e+02,1.82,400.0,6.07,13.00,5626.00,4.467,0.9570,0.1950
0,22.783277600,4.19400,1.2020e+02,1.33,759.0,78.41,18.20,6517.00,4.382,1.1590,0.6260
0,369.069345000,5.83200,9.4590e+02,3.07,197.0,0.35,11.70,4855.00,4.542,0.7780,0.9290
0,1.501760172,5.85519,3.8790e+05,90.92,1905.0,3110.42,2624.00,6327.00,4.315,1.2900,0.5180
1,16.586032900,7.04300,2.3130e+02,2.09,821.0,107.25,14.60,5626.00,4.149,1.3890,0.1670
0,26.837718080,1.61620,8.5120e+03,12.68,658.0,44.22,101.40,6194.00,4.445,1.0690,0.9170
1,84.704139000,10.39300,6.5570e+02,4.17,537.0,19.59,17.00,6085.00,4.115,1.6340,0.0100
0,120.581671780,8.29040,1.9290e+05,41.71,291.0,1.70,1184.80,5294.00,4.651,0.6730,0.8450
0,112.463588930,31.82730,2.4241e+05,129.04,692.0,54.20,1374.00,7426.00,3.903,2.4630,0.5230
1,85.272459000,13.31000,7.6780e+02,3.85,443.0,9.10,18.90,5922.00,4.349,1.0570,0.9650
0,89.739813700,3.26371,8.1096e+04,38.01,363.0,4.10,296.00,5777.00,4.608,0.7470,1.0260
0,15.651290280,6.76310,3.9864e+05,78.30,792.0,93.10,359.70,6137.00,4.418,1.1030,0.5070
0,372.768880000,23.27000,1.1572e+03,3.66,242.0,0.81,22.80,5800.00,4.514,0.8940,0.9090
1,3.638989530,2.25200,2.0960e+02,1.68,1238.0,555.71,16.00,5533.00,4.275,1.1660,0.3200
1,14.427350880,4.85700,1.1700e+02,1.53,783.0,88.90,21.50,5929.00,4.403,1.0400,0.9770
1,265.478470000,10.28000,1.0407e+03,4.20,291.0,1.70,18.10,5792.00,4.375,1.0050,0.9560
0,1.546222068,7.99800,4.9400e+01,0.77,1578.0,1465.41,56.60,5611.00,4.388,1.0730,0.5030
0,43.562258580,3.68730,5.1325e+04,80.02,624.0,35.83,163.60,6411.00,4.307,1.2160,1.2950
0,22.771964840,8.34760,3.2545e+05,104.17,835.0,114.90,305.20,6049.00,4.067,1.5570,0.6030
0,495.710950000,4.51400,4.4310e+02,4.41,330.0,2.80,8.50,6054.00,3.911,1.9530,0.7180
1,10.358570390,2.57700,2.7370e+02,1.68,860.0,129.28,15.10,5893.00,4.423,1.0200,0.0740
1,20.359718990,2.15210,3.4570e+02,0.80,276.0,1.38,26.80,3419.00,4.904,0.3440,0.9250
0,43.798566000,6.40100,2.9040e+02,48.52,721.0,63.80,26.10,5611.00,3.842,2.2270,1.1820
0,114.908624190,7.66397,1.9611e+05,42.78,259.0,1.06,1179.70,4412.00,4.565,0.7370,0.7800
1,11.555324450,3.49900,2.5000e+02,1.70,674.0,48.88,16.10,5149.00,4.506,0.8030,0.9600
1,64.658916600,7.71000,2.3540e+02,2.12,535.0,19.39,13.90,5821.00,4.172,1.3950,0.0830
0,26.936878000,4.96900,2.4690e+02,1.57,617.0,34.24,8.80,5878.00,4.442,0.9980,0.2807
1,9.109693340,5.31810,1.2640e+02,1.32,873.0,137.45,47.80,5611.00,4.388,1.0730,0.7610
0,8.268081087,3.47103,7.1479e+04,50.31,863.0,130.83,1320.50,5749.00,4.502,0.9220,1.0990
0,91.499997800,19.58180,6.5496e+04,21.86,335.0,2.98,1018.40,5263.00,4.572,0.7740,0.7360
1,153.348739000,12.20500,3.8800e+02,2.14,377.0,4.78,12.70,6127.00,4.356,1.0800,0.2610
0,9.449426280,6.30640,1.2119e+03,75.22,1192.0,476.13,81.10,5092.00,3.689,2.6640,1.2170
0,0.867721348,4.87830,9.7653e+04,67.00,2089.0,4487.70,587.90,5510.00,4.186,1.2760,0.9870
1,3.908634570,1.77040,8.6720e+02,1.86,787.0,91.01,36.60,4518.00,4.613,0.6530,0.1110
0,3.890430620,6.59600,1.9540e+02,1.24,1106.0,354.22,14.40,5646.00,4.449,0.8960,0.0250
1,1.644221032,2.91220,4.7800e+01,1.18,1897.0,3071.95,24.10,6297.00,4.260,1.3690,0.9420
0,4.101595158,6.10362,3.6658e+05,51.08,1028.0,264.23,3809.80,5610.00,4.533,0.8080,0.3940
0,1.705780649,1.62710,1.5498e+04,25.95,1101.0,348.32,31.80,4970.00,4.665,0.5910,1.2310
0,0.569115097,3.50280,5.8560e+05,156.15,3357.0,29827.37,229.60,7174.00,4.130,1.7050,0.4440
1,33.040550900,3.36130,5.7740e+02,2.36,561.0,23.40,27.50,5688.00,4.415,0.9710,0.4310
0,0.796720200,4.25304,1.6772e+05,56.89,1964.0,3497.40,716.60,5780.00,4.438,1.0000,0.8390
0,8.487871809,4.19829,1.1881e+05,46.24,798.0,96.00,483.90,5553.00,4.558,0.8550,0.9410
0,20.839214800,2.33210,1.7751e+05,51.90,584.0,27.45,197.60,5378.00,4.488,0.8120,0.8940
0,10.727255360,1.75410,5.6197e+04,12.85,307.0,2.10,160.50,3324.00,5.006,0.2680,1.0560
1,4.025824340,2.80590,2.6530e+02,1.79,1169.0,440.08,23.90,5509.00,4.308,1.1160,0.0170
0,2.301207050,25.08000,1.6881e+03,28.64,1254.0,583.42,132.50,5641.00,4.554,0.8500,1.2620
0,1.061934313,3.19400,6.0700e+02,15.14,1104.0,352.77,70.00,4304.00,4.675,0.5660,1.2180
1,160.884519660,10.87710,7.5904e+03,9.09,346.0,3.39,526.10,5650.00,4.313,1.0440,0.2840
0,4.045063460,3.22222,3.6018e+05,67.94,1143.0,402.77,483.90,5780.00,4.438,1.0000,0.5290
0,18.076610347,3.13960,6.5280e+04,39.16,533.0,19.14,380.60,4848.00,4.550,0.7640,1.0740
0,5.366527240,8.36700,3.1225e+03,7.97,982.0,219.72,50.70,5858.00,4.553,0.8490,0.9850
1,47.148432400,3.13470,1.1138e+03,2.58,391.0,5.50,54.50,4975.00,4.579,0.7340,0.6680
0,11.344347453,5.97380,2.5824e+05,62.52,810.0,101.92,437.20,5780.00,4.438,1.0000,0.6920
1,214.312043900,16.29380,4.5234e+03,9.17,380.0,4.93,562.80,6471.00,4.287,1.3570,0.0160
0,13.542088670,4.94060,2.8869e+04,26.65,727.0,66.01,137.60,5496.00,4.405,0.9270,0.9850
0,3.467248090,11.01000,1.3173e+03,2.52,841.0,118.15,107.00,4969.00,4.713,0.5430,0.9530
0,2.845739012,11.93270,2.4392e+04,44.70,1294.0,663.42,488.60,5982.00,4.493,0.9600,1.2130
1,5.339056060,1.64150,7.5550e+02,1.90,817.0,105.25,28.90,5057.00,4.573,0.7040,0.0200
0,3.351573993,2.87580,5.4546e+04,24.15,1282.0,638.30,192.40,5984.00,4.408,1.0330,0.0110
1,142.545000000,8.75000,9.0540e+02,2.52,318.0,2.42,13.70,5642.00,4.542,0.8460,0.0150
0,0.865959015,1.90580,2.9127e+05,144.50,1162.0,434.65,620.80,4561.00,4.788,0.4690,3.0680
0,2.974163938,1.74230,9.0282e+04,34.74,1266.0,605.99,88.60,5780.00,4.438,1.0000,0.7360
1,2.590395800,2.08800,3.3090e+02,2.55,1484.0,1147.44,18.30,5678.00,4.215,1.3030,0.7250
0,12.893018017,3.30029,1.6033e+04,62.52,1004.0,240.50,453.00,6387.00,4.178,1.4080,1.2410
0,2.213960790,3.45200,1.1940e+02,0.87,1123.0,375.04,9.60,4922.00,4.505,0.8230,0.1430
0,5.240782590,5.23800,5.9260e+02,24.73,1080.0,322.16,58.10,6192.00,4.503,0.9170,1.2230
1,1.847892736,1.89040,3.2330e+02,1.51,1374.0,843.80,53.30,5763.00,4.557,0.8420,0.0360
0,0.695954898,1.46900,3.1810e+02,2.58,2740.0,13264.33,8.50,6737.00,4.243,1.4250,0.1030
0,1.278555003,1.42470,1.4780e+03,5.19,1515.0,1241.92,93.80,5636.00,4.557,0.8270,0.9790
0,15.640641610,6.45240,2.7331e+05,77.18,921.0,169.73,206.30,6517.00,4.279,1.3740,0.5220
0,17.747605900,5.06600,8.7700e+02,146.63,1998.0,3768.37,7.60,8992.00,3.535,4.8320,1.2500
0,0.546248198,2.10810,1.1453e+05,54.23,2227.0,5820.72,263.10,5780.00,4.438,1.0000,0.9460
1,3.932766270,2.94030,2.3490e+02,1.50,1140.0,399.84,30.70,5688.00,4.415,0.9710,0.3700
0,3.315777950,4.23490,9.4567e+04,27.77,1104.0,349.78,124.60,5528.00,4.516,0.8490,0.6330
0,4.464565251,4.02210,7.4112e+04,43.21,1024.0,259.97,286.40,5743.00,4.553,0.8530,1.0460
0,0.566805514,4.36700,8.5300e+01,0.82,1920.0,3193.90,25.10,5115.00,4.439,0.9170,0.0270
0,3.204222652,2.79520,8.9840e+02,23.55,979.0,217.46,45.50,5139.00,4.609,0.7410,1.2580
0,359.006880000,32.16000,2.0158e+03,28.57,237.0,0.74,35.30,5715.00,4.537,0.8340,1.2630
1,1.138548215,2.14820,6.6200e+01,1.45,2537.0,9805.45,31.50,6520.00,4.010,1.7130,0.5450
0,1.231361934,5.43300,4.7100e+02,2.93,1839.0,2707.51,94.70,6095.00,4.378,1.0160,0.9720
0,1.433262401,6.22050,4.2856e+05,136.47,2691.0,12427.14,599.80,7311.00,4.013,1.9590,0.3820
0,0.974303090,2.10880,3.4976e+04,37.62,1643.0,1728.18,224.00,5688.00,4.583,0.7860,1.1690
1,34.211502200,4.94700,2.7380e+02,1.15,427.0,7.82,20.70,4955.00,4.610,0.7210,0.0340
0,7.061149921,3.33515,1.3126e+05,43.71,842.0,118.87,631.50,5585.00,4.564,0.7980,0.9120
0,1.815632406,3.35773,6.1574e+04,108.78,3429.0,32652.55,1413.90,9954.00,4.070,2.4080,1.0400
0,111.039620500,25.75100,9.3562e+03,8.60,335.0,2.97,201.90,5470.00,4.509,0.7770,0.8510
0,2.347479696,26.25000,8.1996e+04,60.50,1502.0,1207.51,261.10,5891.00,4.305,1.1380,1.0510
0,0.635441862,1.98270,1.4761e+05,56.30,2118.0,4750.98,317.10,5780.00,4.438,1.0000,0.8720
1,0.938750221,1.35680,2.8070e+02,1.46,1676.0,1874.28,47.40,5497.00,4.527,0.8860,0.0130
0,6.128107220,2.82400,2.3360e+03,39.52,1513.0,1237.90,17.50,7245.00,4.158,1.6670,1.1590
0,4.350460215,2.52760,5.0424e+04,533.08,1472.0,1107.34,247.20,6585.00,4.208,1.4160,4.2030
1,27.321424200,4.83600,2.7960e+02,3.61,705.0,58.35,14.90,5592.00,4.115,1.4510,0.9830
0,1.061008730,2.67150,6.3671e+03,9.14,1568.0,1434.99,174.90,5080.00,4.417,0.9470,0.8820
1,2.370293200,1.66600,2.2480e+02,1.29,1256.0,588.10,7.00,5668.00,4.545,0.8680,0.0030
0,7.500239550,2.91600,2.7320e+02,21.06,901.0,155.60,29.00,5849.00,4.517,0.9190,1.1940
0,245.438202100,14.50200,1.1312e+04,19.17,289.0,1.66,844.70,5637.00,4.383,0.9900,1.0010
0,1.471060209,4.37080,1.4844e+05,165.15,3693.0,43941.18,563.00,8749.00,3.806,2.9110,0.8950
0,4.639602084,3.46360,2.5079e+04,19.96,1285.0,643.95,131.00,6078.00,4.223,1.1940,0.6340
0,1.247156944,2.67790,1.3476e+05,26042.90,4120.0,68223.38,92.40,4770.00,2.605,9.6700,25.2240
0,3.044766070,9.56800,2.7260e+02,15.70,1126.0,379.01,67.00,5627.00,4.568,0.8180,1.1590
1,70.967208700,6.96230,7.8470e+02,2.84,438.0,8.66,69.30,5818.00,4.464,0.9860,0.5450
0,1.303858554,4.36797,1.2664e+05,73.29,2080.0,4438.11,904.00,6282.00,4.207,1.3430,0.9280
1,3.188990150,2.72200,6.6200e+01,0.98,1309.0,693.65,18.40,5700.00,4.327,1.1760,0.5260
0,14.541747100,5.60670,1.0886e+03,163.25,1494.0,1176.23,71.20,5032.00,3.042,5.9220,1.2140
0,0.867719291,6.32300,2.6518e+03,37.79,2106.0,4662.20,157.10,6220.00,4.398,1.0560,1.2700
0,1.219324537,4.75010,3.7906e+05,60.62,1569.0,1432.21,241.00,5455.00,4.458,0.8970,0.4890
0,2.617284592,9.55450,2.3145e+05,162.67,2013.0,3885.11,1215.20,5510.00,3.641,2.6490,0.7430
0,0.668483494,2.41290,7.2277e+05,138.76,2082.0,4439.53,334.30,5780.00,4.438,1.0000,0.7730
0,1.801863222,7.24920,2.6258e+05,145.36,2721.0,12930.10,463.40,7479.00,3.919,2.3240,0.6810
1,161.515617000,6.54800,2.2153e+03,2.88,211.0,0.47,25.20,4243.00,4.637,0.6410,0.0010
0,2.112405306,2.58450,4.8900e+02,19.01,1225.0,533.20,42.20,5562.00,4.601,0.7560,1.2070
0,1.241483276,2.19500,1.4100e+02,27.25,1847.0,2761.35,32.00,6140.00,4.394,1.0530,1.2270
0,14.658013949,3.03316,1.2964e+05,121.59,855.0,126.35,3361.50,5146.00,3.986,1.6260,1.1410
0,9.726754470,19.62140,6.6416e+03,995.22,1363.0,815.99,366.40,6327.00,3.840,2.4330,4.6760
0,1.785265270,6.22330,1.7331e+03,41.19,1815.0,2563.99,123.10,6505.00,4.342,1.2280,1.2620
0,280.476576000,32.24000,6.5120e+02,3.16,268.0,1.22,38.70,5869.00,4.528,0.8920,0.9740
1,2.416601490,1.96990,8.3600e+01,0.92,1343.0,770.05,33.70,5705.00,4.444,1.0260,0.0350
0,17.793911590,4.31940,9.3395e+04,33.30,697.0,55.88,247.00,5780.00,4.438,1.0000,0.6920
0,0.656201038,4.17901,1.7486e+05,112.77,2157.0,5094.25,2065.80,6025.00,4.472,0.9990,1.4390
0,5.776767320,6.82200,5.7948e+03,26.20,670.0,47.55,74.10,4401.00,4.621,0.6450,1.2730
1,88.406787180,12.30790,1.7244e+03,4.55,410.0,6.65,328.00,5611.00,4.388,1.0730,0.5350
0,2.630094380,11.22600,3.8890e+02,25.55,1480.0,1135.97,69.40,6338.00,4.418,1.0910,1.1950
0,2.870660260,1.54100,4.5080e+02,1.72,1196.0,484.17,13.20,5910.00,4.578,0.7960,0.2860
0,12.426000200,30.19660,4.6860e+02,2.39,706.0,58.88,47.80,5645.00,4.569,0.8170,0.9710
0,10.579100090,1.45530,3.2930e+02,2.03,929.0,175.79,17.90,6323.00,4.418,1.0930,0.4040
1,9.976820720,3.48730,9.6680e+02,2.85,802.0,97.85,31.30,5500.00,4.416,0.9280,0.0220
0,1.863908860,4.41400,1.7610e+02,77.99,2902.0,16718.87,18.30,6689.00,3.594,3.3810,1.2000
0,215.152180000,19.97000,2.6420e+02,1.36,287.0,1.61,6.70,5914.00,4.563,0.8280,0.2999
0,365.994154000,13.07100,6.9850e+02,2.87,263.0,1.14,23.80,6074.00,4.466,0.9650,0.8353
0,3.307669761,1.67200,2.4310e+02,3.87,1840.0,2710.89,66.70,5959.00,3.829,2.3820,0.6020
0,7.373392450,2.88300,1.2500e+02,13.73,1098.0,344.18,36.60,6484.00,4.360,1.0930,1.1040
0,2.237180102,1.47340,4.9380e+02,1.75,1134.0,390.02,23.30,5080.00,4.538,0.7930,0.3740
0,0.882131829,6.81060,3.6209e+03,8.13,1963.0,3510.31,70.60,6168.00,4.482,0.9110,0.9680
0,88.821421000,9.35000,3.9370e+02,234.99,634.0,38.13,7.80,5081.00,3.484,3.3650,1.6227
0,35.145781220,2.25300,6.7894e+03,32.50,480.0,12.60,86.80,5437.00,4.554,0.7830,1.2760
1,105.956681500,6.99880,2.2864e+03,3.79,324.0,2.59,51.80,5327.00,4.581,0.8000,0.3220
0,8.589668930,6.96200,4.2960e+02,155.18,4900.0,136317.25,47.50,3837.00,0.829,80.3070,0.0120
0,79.920131900,4.48200,1.3268e+03,1.81,217.0,0.53,21.90,3812.00,4.767,0.4760,0.6230
0,2.881100027,9.43866,6.6283e+05,446.29,2946.0,17809.19,3316.50,8104.00,3.675,3.3690,0.8290
0,1.752553762,3.87700,4.1470e+02,1.06,933.0,178.74,32.50,4408.00,4.713,0.5290,0.3460
1,1.063788610,1.07200,2.5150e+02,1.61,1650.0,1761.19,21.50,5265.00,4.400,1.0020,0.4660
0,2.199063800,3.19700,3.4480e+02,1.33,1087.0,330.97,19.30,5003.00,4.572,0.7070,0.4890
0,0.566796410,2.32400,2.6700e+01,0.46,1940.0,3349.38,14.10,5403.00,4.540,0.8880,0.3220
1,0.789160884,0.92680,2.1510e+02,0.91,1244.0,564.46,23.60,4258.00,4.635,0.6220,0.3760
0,3.556536370,8.70000,2.0250e+02,1.70,1272.0,619.57,23.10,5950.00,4.395,1.1140,0.7120
0,0.902222843,2.05160,2.9700e+01,48.23,10340.0,2710661.90,5.10,3705.00,0.798,89.8060,0.5080
0,364.143970000,15.37000,5.1350e+02,2.20,259.0,1.06,9.30,6039.00,4.493,0.9510,0.4750
1,5.907414760,1.01600,5.5690e+03,5.10,769.0,82.73,7.20,4963.00,4.585,0.6900,0.1770
0,91.056419080,6.72820,5.7608e+04,53.10,431.0,8.13,701.10,6142.00,4.456,1.0460,1.1120
1,24.754384900,3.39000,5.9330e+02,2.10,491.0,13.70,18.00,4852.00,4.519,0.8040,0.7090
0,1.204529346,1.62000,8.6900e+01,1.40,1968.0,3561.16,11.10,5340.00,4.046,1.5040,0.3830
0,2.618410460,3.30400,1.8020e+02,1.12,1245.0,567.24,24.80,5912.00,4.566,0.8200,0.3690
0,6.905223170,3.53300,4.2030e+02,4.54,1343.0,768.55,34.40,6596.00,4.135,1.7210,0.9620
0,0.755109106,2.96700,1.0600e+02,0.85,1733.0,2130.82,34.00,5452.00,4.572,0.8150,0.4700
1,7.990223790,3.27300,1.6590e+02,1.97,1113.0,361.73,17.60,5689.00,4.065,1.5420,0.1070
0,0.730947010,4.22300,2.2770e+02,15.83,1870.0,2886.66,31.20,5767.00,4.559,0.8370,1.1580
0,0.730947169,4.39600,2.4800e+02,14.43,1777.0,2349.48,49.10,5514.00,4.569,0.8260,1.1430
0,0.642348750,1.36990,1.0370e+02,2.78,3813.0,49846.45,61.30,7089.00,3.842,2.5840,0.6270
0,2.845739620,7.28000,2.1170e+02,3.63,1829.0,2645.94,83.90,5557.00,3.792,2.3720,0.6560
0,112.645961000,7.03700,1.9579e+03,35.36,377.0,4.76,23.30,5895.00,4.489,0.9910,1.2770
0,3.435251240,4.50900,1.5220e+02,25.43,1579.0,1468.73,6.30,5854.00,4.014,1.7420,1.1210
0,0.993488979,1.96940,2.4327e+04,17.90,1914.0,3172.24,145.80,5811.00,4.328,0.9980,0.8300
0,2.057499811,2.56900,3.2560e+02,1.27,1037.0,273.84,23.60,4620.00,4.564,0.7360,0.0040
0,1.099291188,1.76500,2.8260e+02,1.37,1414.0,947.02,19.80,4878.00,4.500,0.8430,0.0770
0,1.081935491,5.13600,2.0290e+02,0.99,1364.0,819.14,33.90,4938.00,4.569,0.7180,0.0000
1,178.139072000,9.65400,6.7880e+02,2.25,291.0,1.70,20.30,5431.00,4.496,0.8790,0.0420
0,1.540395781,1.63050,1.7340e+02,0.94,1211.0,510.22,46.60,4955.00,4.592,0.7350,0.0620
0,1.541350116,3.29000,3.7800e+02,1.50,1273.0,619.14,51.70,5150.00,4.590,0.7840,0.2720
0,1.921494870,1.89100,1.0060e+03,79.14,2382.0,7634.18,11.60,6831.00,3.959,2.2470,1.2900
1,1.093665854,1.43990,2.1840e+02,1.29,1681.0,1880.33,33.50,5845.00,4.541,0.8740,0.1740
0,1.302061421,1.82380,1.0461e+03,92.86,3345.0,29636.26,29.50,7757.00,3.837,2.7830,1.2730
0,2.685223546,4.06320,5.4946e+03,28.98,1111.0,360.92,238.70,5552.00,4.620,0.7190,1.2800
0,75.378781600,5.26800,3.8770e+02,1.60,360.0,3.97,30.10,5061.00,4.488,0.8410,0.0460
0,14.536822280,3.19500,1.0323e+03,73.15,1596.0,1534.06,40.80,4946.00,2.819,5.8550,1.0680
0,341.014950000,5.12000,3.8600e+02,1.72,234.0,0.71,6.90,5327.00,4.456,0.8960,0.0870
0,1.519529227,5.16750,8.3725e+03,11.12,1653.0,1766.31,155.10,6033.00,4.460,1.0460,0.8660
0,12.109762600,10.17400,1.1390e+02,1.09,681.0,50.68,28.20,5437.00,4.547,0.7390,0.9810
0,1.061935973,3.31770,3.3790e+02,24.17,1961.0,3479.87,101.20,6274.00,4.434,1.0620,1.1900
1,133.303247000,7.34200,1.0175e+03,2.67,301.0,1.94,20.60,5064.00,4.474,0.8640,0.0630
0,0.868723418,1.46170,1.9710e+02,1.87,1998.0,3776.50,23.80,5761.00,4.331,1.0460,0.9470
1,25.308935660,5.77040,1.5370e+02,1.77,710.0,60.20,54.20,5949.00,4.272,1.2920,0.7990
0,0.566717263,2.60790,1.8500e+01,0.43,2096.0,4581.82,11.10,5544.00,4.438,0.9570,0.6060
0,4.523422560,2.53100,2.1900e+02,1.70,1195.0,482.25,15.90,6211.00,4.437,1.0580,0.7570
0,0.909310626,3.44110,1.2127e+04,48.79,2130.0,4889.60,454.00,6370.00,4.410,1.1060,1.2640
0,5.243725040,17.13600,2.3440e+02,20.41,1017.0,253.25,51.60,5772.00,4.452,0.8670,1.2010
0,0.566812588,3.59600,1.7100e+01,0.71,3089.0,21653.56,17.50,6194.00,3.971,1.7180,0.0790
0,7.353908690,2.06100,9.2900e+01,2.29,1483.0,1141.53,11.10,6385.00,3.868,2.3270,0.3750
1,8.486515820,5.26700,1.1080e+02,1.34,1060.0,298.03,21.10,6178.00,4.269,1.2670,0.0090
0,2.404353350,4.07000,7.0600e+01,3.05,2454.0,8577.88,27.10,6103.00,3.568,3.3580,0.7460
0,119.677470000,32.27400,3.2541e+03,36.80,379.0,4.90,52.00,6075.00,4.486,0.9690,1.2830
0,38.476945700,5.82500,2.5940e+02,4.79,814.0,103.72,18.40,6079.00,3.834,2.1630,0.9810
0,2.629826650,6.21300,1.2640e+02,17.88,1968.0,3542.64,24.60,6712.00,4.053,1.8460,1.0770
0,14.092583189,4.15360,5.3040e+02,1.82,597.0,30.10,17.80,5081.00,4.596,0.7700,0.5860
0,2.636899795,0.91050,4.2620e+02,49.84,1179.0,456.22,27.60,5524.00,4.540,0.8470,1.5190
0,1.221204888,1.85110,1.1160e+02,1.10,1772.0,2334.40,27.30,5874.00,4.378,0.9970,0.6000
0,20.719162600,3.91200,1.8440e+02,1.85,790.0,92.20,8.90,5837.00,4.143,1.3660,0.0160
0,35.516192190,2.50000,1.0984e+04,719.49,504.0,15.20,85.40,5514.00,4.505,0.8710,8.4670
0,5.714838730,2.74800,2.8620e+02,1.26,842.0,118.73,18.00,5193.00,4.535,0.7550,0.1340
1,10.327363510,1.88900,1.2690e+02,1.25,838.0,116.56,9.70,5757.00,4.431,1.0170,0.7540
0,0.704541784,1.07260,2.7520e+02,1.72,2121.0,4778.23,38.40,6063.00,4.476,1.0120,0.4150
0,11.769219230,3.21900,5.1930e+02,3.12,868.0,134.04,27.40,6215.00,4.440,1.0520,0.9640
1,34.142050600,2.94500,7.8800e+02,1.06,248.0,0.89,13.30,3526.00,4.866,0.3830,0.1050
0,0.865759153,0.84080,1.9160e+02,1.53,2100.0,4616.69,18.70,6249.00,4.428,1.0760,0.3800
1,8.719801350,3.74540,1.6040e+02,1.53,987.0,224.47,22.70,5970.00,4.317,1.2000,0.3430
0,0.306937807,0.59250,1.1920e+02,0.82,2142.0,5019.53,29.30,5088.00,4.580,0.7410,0.0050
0,5.970381300,0.66900,2.1030e+02,1.69,981.0,218.94,5.50,5825.00,4.504,0.9650,0.8826
0,0.945825494,1.84960,1.0470e+02,1.14,1989.0,3715.61,22.10,6116.00,4.440,1.0840,0.5220
0,0.768934934,1.21600,8.4680e+02,4.09,1713.0,2026.85,58.90,5390.00,4.535,0.7770,0.9890
1,0.764863517,1.16000,1.5020e+02,1.04,1733.0,2145.14,13.60,5231.00,4.476,0.8600,0.2350
0,0.544962596,1.08500,2.4790e+02,1.03,1719.0,2074.18,18.30,5257.00,4.675,0.6390,0.4590
1,14.454032900,7.18300,7.9700e+01,0.72,676.0,49.51,17.20,5559.00,4.496,0.7900,0.5220
0,1.000840564,1.32920,2.7144e+03,80.25,3367.0,30248.83,73.20,6287.00,3.558,3.1770,1.1650
1,0.638162933,1.23130,1.0970e+02,0.91,1874.0,2928.31,17.60,5244.00,4.449,0.8880,0.0920
0,354.632840000,2.22700,2.8090e+02,0.90,152.0,0.13,6.50,4206.00,4.703,0.5350,0.3134
0,3.781123000,8.15000,9.0400e+01,1.16,1421.0,962.72,9.00,6318.00,4.247,1.2160,0.0040
0,31.507364900,7.36200,3.3050e+02,0.74,253.0,0.97,15.40,3554.00,4.888,0.3700,0.7740
0,349.588110000,5.05200,3.7330e+02,134.79,1351.0,787.87,11.60,3860.00,0.949,74.3200,0.1899
0,59.742966000,6.78000,2.8490e+02,16.91,1037.0,273.48,8.60,5059.00,2.871,7.3220,0.9694
0,2.882424694,25.91000,6.7298e+04,399.44,2912.0,17023.71,416.20,4705.00,2.667,8.0580,1.0510
0,538.368550000,19.26000,5.4550e+02,2.37,237.0,0.74,7.00,6148.00,4.461,1.0150,0.0671
0,369.730110000,14.27000,2.7480e+02,1.66,274.0,1.34,9.60,6283.00,4.453,0.9990,0.1236
0,181.812140000,16.16400,4.7460e+02,2.04,324.0,2.60,21.30,6060.00,4.509,0.9250,0.3694
0,95.688682000,6.46500,4.5380e+02,28.41,1046.0,283.07,9.80,5040.00,2.681,13.0560,0.5497
1,3.290304098,1.72150,1.3553e+04,4.91,540.0,20.06,220.50,3386.00,4.810,0.4270,0.0900
0,11.258231100,16.89000,3.0040e+02,1.24,667.0,46.86,22.20,5242.00,4.556,0.7220,0.1150
0,12.427076000,17.44700,4.7500e+01,0.82,870.0,135.77,25.30,5841.00,4.278,1.1930,0.0260
0,210.971635000,3.57800,5.1900e+02,2.04,293.0,1.75,6.50,5838.00,4.529,0.8970,0.2091
0,18.622214000,4.42000,5.8320e+03,20.83,1101.0,347.32,20.10,6235.00,3.801,2.4710,0.7920
0,24.571486700,29.96000,5.0640e+02,3.04,637.0,39.00,31.10,5977.00,4.462,0.9560,0.9780
0,1.714414962,5.17207,1.1013e+05,116.92,2042.0,4099.19,6485.80,6351.00,4.126,1.6130,1.1810
0,136.830243000,2.95600,4.6430e+02,17.22,764.0,80.57,8.40,5096.00,3.007,8.0380,0.3813
0,206.309658000,1.49800,2.7710e+02,2.36,361.0,4.01,8.30,6028.00,4.241,1.2670,0.8152
0,9.942228056,2.45451,3.1068e+04,22.15,740.0,70.93,1073.30,5268.00,4.475,0.8430,0.9300
0,84.640585300,2.65700,7.8400e+02,1.72,271.0,1.27,8.20,4386.00,4.629,0.6300,0.2541
0,574.370640000,11.89000,2.2760e+02,3.11,350.0,3.53,12.00,6749.00,3.905,1.9050,0.7455
0,1.049406508,3.00720,4.4750e+02,27.45,4913.0,137177.82,61.30,4745.00,2.425,13.4170,0.1120
0,37.078668000,4.40300,1.4740e+02,0.80,419.0,7.27,6.90,5120.00,4.628,0.6500,0.5101
0,25.166806000,2.11100,1.3500e+03,2.72,483.0,12.84,7.20,5013.00,4.574,0.7040,0.6500
0,6.702580070,4.63200,8.5900e+02,403.01,2635.0,11398.60,23.00,4799.00,2.475,13.6520,1.2370
0,1.891258830,4.65600,2.7450e+02,23.60,4480.0,95092.90,15.30,4449.00,2.031,14.8940,0.0130
0,1.878877205,5.87680,1.0403e+05,109.55,2523.0,9554.79,525.40,7542.00,4.036,1.9990,1.0050
0,149.237142000,2.50300,7.7200e+02,2.22,299.0,1.89,6.90,5492.00,4.576,0.8120,0.0847
0,326.370361000,4.52600,5.6880e+02,22.60,615.0,33.84,13.70,5188.00,2.929,9.3430,0.4924
0,46.270524872,8.93033,6.6244e+04,35.98,572.0,25.29,4607.40,6357.00,4.405,1.0720,0.8590
0,420.929203580,17.39850,8.6013e+04,62.76,293.0,1.74,1740.20,6461.00,4.319,1.1970,1.0330
1,287.377314000,18.82100,4.3769e+03,11.67,350.0,3.56,60.40,5548.00,3.964,1.7930,0.0150
0,367.727670000,3.10400,9.2600e+02,1.96,184.0,0.27,5.80,4869.00,4.648,0.6570,0.2729
0,357.437578000,15.90300,2.7230e+02,3.13,422.0,7.53,13.60,7610.00,4.127,1.8620,0.1427
0,485.912760000,2.42000,1.3680e+03,3.61,230.0,0.66,7.00,5957.00,4.506,0.9370,0.5980
0,1.928420823,3.82530,1.9124e+05,79.40,1882.0,2960.96,438.30,6615.00,4.257,1.3260,0.8180
0,256.846143000,6.28900,1.7060e+03,46743.40,506.0,15.52,14.90,5208.00,3.321,4.3290,99.8500
0,122.713036000,3.99900,2.9070e+02,1.79,393.0,5.66,6.50,6244.00,4.460,1.0090,0.5737
0,146.355097000,5.03400,8.2000e+02,0.82,135.0,0.08,6.00,3401.00,4.964,0.2900,0.0515
0,310.612990000,2.56200,9.2000e+02,3.04,279.0,1.43,6.50,6063.00,4.470,1.0010,0.1879
0,1.237085650,5.74300,8.0380e+02,36.31,2174.0,5293.07,55.30,6556.00,4.243,1.3240,1.2220
0,367.675800000,23.50000,6.9950e+02,2.77,271.0,1.27,14.00,6140.00,4.455,1.0480,0.0213
0,61.438007000,3.86100,2.5300e+02,14.79,1020.0,255.93,9.00,5080.00,2.967,8.5270,0.7540
0,33.294800500,2.99700,2.1570e+02,1.46,600.0,30.67,6.60,6217.00,4.472,0.9890,0.0300
0,476.397520000,12.13000,2.8780e+02,1.82,261.0,1.09,11.10,6300.00,4.401,1.0640,0.2293
0,28.615014000,24.74000,7.0500e+01,1.69,783.0,88.66,13.50,5562.00,3.925,1.9870,0.5050
0,34.488690300,1.22000,5.9900e+01,0.71,524.0,17.87,6.30,5629.00,4.487,0.8860,0.5544
0,159.058460000,10.08000,1.9430e+02,1.54,376.0,4.73,6.30,6365.00,4.411,1.0330,0.7004
0,298.468800000,3.74800,3.1540e+02,11.33,554.0,22.32,10.60,5189.00,3.120,6.4910,0.1765
0,250.485800000,12.72000,6.7460e+02,2.10,246.0,0.86,13.20,5377.00,4.581,0.8140,0.3157
0,273.685742700,8.38810,1.5350e+04,37.15,367.0,4.27,202.30,6033.00,4.071,1.6500,1.0060
0,36.477278800,2.09200,4.6300e+02,1.65,427.0,7.89,5.80,4910.00,4.545,0.7550,0.5298
0,276.879492000,3.77900,1.7620e+03,11.67,260.0,1.08,10.40,5324.00,4.396,0.9660,1.0450
0,370.059180000,11.86000,6.6980e+02,1.90,206.0,0.43,8.60,5228.00,4.592,0.7510,0.0166
0,10.195506500,2.44700,2.2140e+02,1.02,661.0,45.18,7.00,5182.00,4.601,0.6660,0.5396
1,267.282521000,7.78800,4.7190e+02,1.43,207.0,0.44,19.30,4926.00,4.653,0.6620,0.3780
0,1.540393027,1.75000,5.2620e+02,2.17,1502.0,1200.85,72.10,5466.00,4.396,0.9460,0.3430
0,78.604360610,4.65559,7.8104e+04,34.80,438.0,8.68,2384.60,5938.00,4.427,0.9850,0.8280
0,1.559357180,2.89200,4.9700e+01,1.39,2389.0,7676.02,17.90,6475.00,3.921,1.9000,0.5680
1,14.512362200,4.16300,3.5580e+02,2.08,636.0,38.60,11.80,5094.00,4.469,0.8700,0.9270
0,1.434200327,5.96800,3.0973e+03,44.76,2410.0,7985.65,39.10,6911.00,4.038,1.5010,1.2080
0,23.029522200,7.96000,5.4820e+02,20.81,645.0,40.87,27.70,5877.00,4.445,0.9590,1.1730
0,293.505607100,3.40750,6.8240e+03,48.59,265.0,1.16,51.00,5455.00,4.381,1.0060,1.3410
0,491.080270000,7.42000,3.3560e+02,1.86,241.0,0.79,7.90,5931.00,4.396,0.9970,0.4169
0,425.229270000,6.76000,8.2900e+02,1.40,125.0,0.06,6.40,3803.00,4.755,0.4920,0.1812
0,10.314533080,3.66410,2.0041e+03,29.60,885.0,144.83,71.60,6335.00,4.455,0.8370,1.2760
0,15.739765100,3.29700,2.8770e+02,1.18,536.0,19.54,11.20,4733.00,4.569,0.7230,0.0770
0,459.231930000,17.72200,4.1870e+02,2.64,265.0,1.17,19.50,6067.00,4.307,1.1160,0.8765
0,575.954080000,8.61800,1.2100e+03,2.92,194.0,0.33,11.40,5398.00,4.508,0.8540,0.0868
0,372.308810000,3.87400,5.3520e+02,2.09,249.0,0.91,14.90,5966.00,4.519,0.9040,0.1243
0,2.411723580,2.63110,3.3647e+03,50.53,1706.0,1997.33,108.60,6363.00,4.220,1.3320,1.2810
0,136.355967000,3.17000,1.6510e+02,1.42,380.0,4.93,6.30,6077.00,4.408,1.0580,0.6066
0,229.869280000,12.91000,1.6590e+03,9.57,466.0,11.15,10.60,6065.00,3.763,2.3440,0.0490
0,58.502943100,1.63300,1.1700e+02,1.54,611.0,33.01,7.00,6525.00,4.215,1.4120,0.0062
0,485.577850000,6.67000,8.5300e+02,2.18,187.0,0.29,5.60,5255.00,4.616,0.7270,0.5739
0,9.549703700,1.88100,7.0670e+02,1.45,456.0,10.25,12.40,3705.00,4.683,0.5690,0.0280
0,242.484764000,6.45100,3.6170e+02,1.58,283.0,1.51,7.60,6068.00,4.568,0.8290,0.1785
0,507.482490000,8.19000,2.3210e+02,1.22,189.0,0.30,9.70,5227.00,4.541,0.7440,0.7261
1,76.377855000,4.80900,1.1004e+04,6.28,240.0,0.78,38.60,3869.00,4.674,0.5840,0.5770
0,22.529070000,1.37300,3.2710e+02,1.39,532.0,18.89,4.80,5284.00,4.594,0.7690,0.3668
0,216.453511000,3.32100,1.1370e+03,2.91,274.0,1.34,7.50,5385.00,4.460,0.8780,0.0052
0,180.890384000,1.90100,2.0530e+02,2.47,480.0,12.58,5.80,7037.00,4.136,1.6830,0.3417
0,35.164087000,86.05000,1.5289e+03,62.03,756.0,77.33,38.30,5485.00,3.820,2.0870,1.2270
0,42.070868000,1.29300,3.8620e+02,1.82,469.0,11.43,5.70,5197.00,4.422,0.9380,0.2878
0,77.512570000,3.15000,1.5100e+03,28199.30,702.0,57.44,5.80,5261.00,3.459,3.6300,72.1108
0,28.297207229,3.94247,2.3193e+04,54.15,713.0,60.99,2360.60,6327.00,4.277,1.1510,1.2270
0,438.009740000,11.46000,7.9200e+01,0.73,197.0,0.36,8.60,5260.00,4.560,0.7170,0.8575
0,17.049737600,3.27100,4.7860e+02,45.89,1971.0,3566.80,6.40,5039.00,2.587,14.9540,0.9703
0,0.864651455,3.46100,6.7700e+01,0.69,1720.0,2062.08,16.50,5587.00,4.556,0.8510,0.2350
0,416.950400000,4.02600,4.7980e+02,7.35,377.0,4.77,6.90,5751.00,3.708,2.6110,0.9542
0,77.395279000,5.26000,4.3700e+02,6.16,646.0,41.24,7.90,5158.00,3.541,2.9950,0.1748
0,282.029084000,4.68600,3.1280e+02,2.33,363.0,4.12,8.10,6886.00,4.305,1.2870,0.4082
0,1.231383390,3.94300,7.2700e+01,0.82,1648.0,1746.21,21.00,5791.00,4.505,0.9580,0.3480
1,509.997402000,8.48100,1.2670e+03,2.62,182.0,0.26,35.30,5037.00,4.540,0.7560,0.0254
0,1.506500360,2.76200,4.5400e+01,0.81,1809.0,2520.53,15.00,6201.00,4.336,1.1260,0.6840
0,95.254421000,3.37900,4.6540e+02,2.20,413.0,6.89,6.10,6063.00,4.476,1.0120,0.3116
1,6.109682250,5.73500,6.0300e+01,0.79,1093.0,337.78,18.60,6024.00,4.309,1.0090,0.1080
0,578.216230000,2.70700,1.2060e+02,3.54,328.0,2.74,3.50,5166.00,3.600,3.2440,0.3763
0,542.911330000,15.90000,7.5010e+02,2.27,199.0,0.37,13.10,5583.00,4.559,0.8240,0.3766
0,2.249000963,9.60220,5.8776e+04,59.61,2126.0,4838.14,1159.50,6025.00,3.800,2.2930,0.6800
0,3.213185170,15.47000,2.0461e+03,8.24,1710.0,2017.35,662.90,6712.00,4.159,1.5130,0.9240
0,81.704814000,1.46800,2.9700e+02,1.65,442.0,9.04,5.80,6099.00,4.421,0.9500,0.0021
0,113.556471000,2.38300,2.7870e+02,6.76,651.0,42.48,7.60,4842.00,3.167,4.1640,0.1828
0,27.285315000,7.47000,3.9650e+02,2.19,678.0,49.97,9.60,6304.00,4.407,1.0940,0.2130
0,8.480390000,6.13400,1.3370e+02,1.23,969.0,208.42,12.00,6193.00,4.434,1.0670,0.0080
0,87.775799000,1.86200,4.5000e+02,2.44,409.0,6.61,6.30,5604.00,4.375,1.0250,0.8114
0,284.666844000,2.75200,4.1800e+02,8.98,486.0,13.14,5.60,5248.00,3.368,4.4130,0.3413
1,224.150923000,12.45500,3.4860e+02,2.41,369.0,4.40,34.20,6072.00,4.133,1.2860,0.0190
0,124.091252000,2.17200,2.8140e+02,1.30,305.0,2.04,5.70,5275.00,4.571,0.7920,0.0310
0,18.076678800,3.06000,2.8831e+04,19.47,694.0,54.73,26.60,5780.00,4.438,1.0000,0.8220
0,81.871309000,1.60600,9.8200e+01,1.12,480.0,12.59,5.40,6343.00,4.375,1.1150,0.1996
0,204.818268000,1.93000,3.0360e+02,5.18,525.0,17.90,5.40,6060.00,3.650,2.9300,0.3460
0,209.238576000,2.24500,1.5470e+02,1.43,354.0,3.72,5.40,6302.00,4.345,1.1350,0.2683
0,585.641180000,13.97000,5.6520e+02,2.20,207.0,0.43,12.50,5779.00,4.526,0.9010,0.5274
0,480.194160000,10.76000,3.7230e+02,1.79,235.0,0.72,9.10,6072.00,4.510,0.9230,0.1548
0,2.174915080,8.44180,6.3541e+05,193.73,2009.0,3847.36,1572.00,6792.00,4.143,1.6360,0.7190
0,114.734287000,3.72400,2.4290e+02,1.10,296.0,1.82,6.70,5083.00,4.569,0.7100,0.3694
0,30.695331130,5.94855,8.8771e+04,69.40,737.0,69.65,7846.30,6335.00,4.171,1.2860,1.0410
0,33.303788100,3.00300,2.7240e+02,1.14,422.0,7.53,8.10,4899.00,4.624,0.7130,0.0720
0,583.736320000,15.75000,3.3860e+02,2.65,266.0,1.19,11.40,6003.00,4.176,1.4420,0.1260
0,2.645596805,2.90950,1.2727e+03,167.05,2452.0,8539.63,166.80,4980.00,3.167,5.4430,1.2390
0,28.736976600,1.58600,5.2500e+02,1.95,550.0,21.64,5.50,5722.00,4.547,0.8540,0.1108
0,40.038961300,1.71100,1.0940e+02,0.95,517.0,16.85,5.70,5701.00,4.437,0.9030,0.3619
0,149.356804000,15.41500,1.7160e+02,2.92,560.0,23.18,14.00,6569.00,3.842,2.2030,0.1627
0,365.620697000,32.26300,2.7188e+04,12.75,215.0,0.50,671.10,5273.00,4.531,0.7680,0.4173
0,575.420020000,17.22000,4.0170e+02,1.91,225.0,0.61,11.70,6025.00,4.448,0.9490,0.1538
0,558.218860000,13.55600,1.5394e+03,3.10,198.0,0.36,19.10,5679.00,4.581,0.7940,0.0220
0,191.528018000,2.34200,1.7180e+02,1.32,334.0,2.95,6.40,6054.00,4.416,1.0090,0.0258
0,0.660627150,4.56000,2.4850e+02,26.13,2327.0,6966.29,7.80,6322.00,4.426,1.0750,1.2080
0,466.908240000,2.64000,6.6000e+02,2.19,210.0,0.46,5.40,5340.00,4.456,0.8670,0.0868
0,96.120478000,1.12500,2.8540e+02,2.08,460.0,10.62,6.00,6038.00,4.245,1.1860,0.5381
0,355.847310000,16.68000,1.2390e+02,1.68,354.0,3.71,9.80,6823.00,4.212,1.4930,0.1578
0,587.381620000,11.97300,8.6360e+02,36.77,527.0,18.29,12.80,4784.00,2.711,11.8390,0.6822
0,422.255426000,4.97400,1.9350e+03,5.09,277.0,1.39,17.40,6273.00,4.364,1.1390,0.3769
0,175.452812000,2.73400,1.4180e+02,3.96,591.0,28.77,6.10,6184.00,3.580,3.3040,0.1526
0,236.506437000,5.00400,7.4440e+02,10.37,480.0,12.54,10.60,5066.00,3.414,3.9000,0.1474
0,64.713168094,5.69869,3.1297e+05,62.03,482.0,12.80,3582.50,6175.00,4.440,0.9740,0.5730
0,371.548790000,9.84100,1.2560e+02,1.13,230.0,0.66,10.10,5225.00,4.410,0.9540,0.6743
0,1.686009643,1.18180,3.9040e+02,1.81,1442.0,1024.99,48.50,5783.00,4.539,0.8800,0.5660
0,323.159363000,2.42700,3.6860e+02,3.41,331.0,2.83,7.40,5251.00,3.872,1.8110,0.0504
0,449.872030000,6.53900,1.1300e+03,2.59,199.0,0.37,10.50,5310.00,4.578,0.7860,0.1377
1,259.343040000,16.04000,3.4970e+02,6.04,449.0,9.65,13.10,5490.00,3.629,3.2040,0.4470
0,8.344107910,1.60600,2.5520e+02,1.75,993.0,229.93,9.90,6321.00,4.434,1.0580,0.5460
0,350.609298000,1.62100,3.6950e+02,3.88,405.0,6.37,3.60,6658.00,3.934,1.9920,0.0409
0,0.699985822,3.02633,3.8943e+05,46.27,1653.0,1761.47,626.90,5264.00,4.617,0.7240,0.2800
0,359.845500000,34.84000,5.0390e+02,14.76,510.0,16.01,12.30,4945.00,3.058,6.6320,0.4022
0,211.541140000,5.40000,7.5100e+02,1.88,251.0,0.94,5.30,5433.00,4.629,0.6890,0.1723
0,588.637590000,3.84000,3.2210e+02,1.52,185.0,0.28,7.40,5135.00,4.479,0.8490,0.3978
0,263.301980000,2.21300,3.7760e+02,2.19,308.0,2.11,5.60,5758.00,4.277,1.1320,0.1782
0,434.281750000,8.14000,6.6310e+02,1.94,212.0,0.48,12.80,5544.00,4.529,0.7500,0.3094
0,14.150231100,1.50300,2.0810e+02,0.74,390.0,5.44,9.30,3705.00,4.721,0.5290,0.0130
0,2.283466438,7.79990,8.6426e+05,218.79,2014.0,3883.24,1103.10,6723.00,4.089,1.7190,0.4570
0,282.343150000,3.95600,2.2050e+02,2.35,404.0,6.31,3.70,7092.00,4.176,1.5250,0.5038
0,19.384442450,20.58990,3.3720e+03,28.30,1185.0,466.04,685.30,4968.00,3.291,5.0260,0.2030
1,5.716687870,1.97000,4.3170e+02,1.92,955.0,196.51,11.80,5638.00,4.488,0.8830,0.6160
0,12.424955900,16.33200,1.1040e+02,0.88,703.0,57.80,17.60,5524.00,4.540,0.8470,0.1740
0,30.483800600,2.60000,1.8441e+04,23.87,315.0,2.32,9.40,3857.00,4.717,0.5310,1.2220
0,126.505657000,8.83600,9.5500e+01,1.51,528.0,18.42,3.70,7092.00,4.176,1.5250,0.1855
0,17.734020239,7.27595,1.8668e+05,93.52,892.0,149.48,2905.90,5883.00,4.040,1.5540,0.8370
0,1.444486083,1.43700,9.8070e+02,1.73,1051.0,290.01,12.00,4569.00,4.686,0.5590,0.3050
1,5.992732650,2.65020,6.9800e+01,0.91,1010.0,245.32,19.20,5574.00,4.354,1.0650,0.5050
0,164.689421000,1.84700,5.2100e+02,2.24,340.0,3.15,4.60,6089.00,4.495,0.9500,0.5312
0,62.735643900,10.79250,2.4370e+05,90.12,590.0,28.65,1115.30,6211.00,4.127,1.4400,0.7300
0,289.788624000,2.85700,4.7390e+02,5.51,537.0,19.60,6.60,8057.00,3.946,2.4070,0.6187
0,131.680180000,14.73000,2.0670e+03,5.96,444.0,9.15,9.20,6468.00,4.288,1.3020,0.1224
0,12.429716100,15.07800,1.9270e+02,1.26,742.0,71.78,13.30,5754.00,4.534,0.9050,0.2930
0,12.425335600,27.49000,3.7440e+02,2.02,683.0,51.57,35.40,5442.00,4.541,0.7830,0.9660
0,10.004688100,2.38900,5.0600e+01,1.90,1466.0,1091.58,8.30,6620.00,3.779,2.6410,0.0164
0,15.713787218,11.31220,6.0384e+04,27.64,747.0,73.68,3602.00,5843.00,4.399,1.0060,0.7620
0,12.426469000,25.71000,1.8050e+02,1.66,729.0,66.74,24.20,5691.00,4.544,0.8870,0.9780
0,12.424430600,26.15000,2.1410e+02,1.59,714.0,61.31,15.50,5761.00,4.581,0.7910,0.9800
0,571.280892000,21.82700,4.6070e+02,3.65,324.0,2.62,37.80,7081.00,4.160,1.6190,0.6109
0,2.559236603,1.67060,1.1273e+04,37.66,1296.0,665.95,45.70,5955.00,4.534,0.8830,1.2510
1,5.111754700,3.28100,2.6780e+02,2.81,1351.0,788.00,12.10,6432.00,4.207,1.3450,0.9620
0,101.889228000,2.71000,8.0900e+01,1.43,487.0,13.26,8.50,5802.00,4.073,1.5900,0.0237
0,41.865397230,6.66300,4.3093e+03,31.14,500.0,14.79,103.40,6063.00,4.584,0.7880,1.2860
0,5.455766383,2.89230,1.0454e+05,28.20,795.0,94.27,536.80,5067.00,4.625,0.6940,0.7940
0,6.932281325,11.03010,6.4059e+03,90.57,1872.0,2902.34,325.80,8675.00,4.080,2.1680,1.2910
0,24.843483700,4.80000,2.1740e+02,1.58,625.0,35.97,14.20,5670.00,4.397,1.0220,0.6410
0,1.721535880,1.92270,3.9929e+04,12.89,1045.0,281.41,29.30,4535.00,4.607,0.6680,0.0020
0,2.638432816,2.42989,4.8488e+04,49.77,1933.0,3299.02,529.40,6502.00,3.991,1.7530,0.8630
0,12.425550550,28.49200,4.0900e+02,3.79,1027.0,262.42,123.70,6381.00,4.155,1.4230,0.9730
0,3.103730697,6.93402,3.6923e+05,75.28,1340.0,763.25,5143.60,6075.00,4.422,1.0910,0.5390
0,4.462553120,14.09570,2.2720e+04,52.74,1795.0,2458.34,140.90,4847.00,3.277,3.6190,0.0040
0,35.089769020,3.96230,5.7546e+03,33.10,501.0,14.95,170.80,5603.00,4.556,0.8460,1.2640
0,2.616094300,21.34000,2.9300e+01,0.81,1744.0,2188.14,5.60,6645.00,4.232,1.4200,0.6458
1,21.090790900,4.75100,4.1760e+02,1.88,606.0,31.86,19.70,5723.00,4.546,0.8180,0.8320
0,3.371796653,3.44210,3.6690e+05,306.28,1155.0,419.47,560.20,5615.00,4.455,0.9120,3.2190
0,2.377955070,2.43290,4.3911e+03,92.61,2965.0,18261.57,257.50,9565.00,4.088,2.2860,1.2980
0,86.431871000,7.37400,4.1510e+02,2.85,464.0,10.97,11.20,6325.00,4.409,1.1120,0.9500
0,19.933647110,8.61220,1.7483e+05,75.88,848.0,122.24,1863.40,6505.00,4.250,1.2900,0.8520
0,4.032762189,4.14212,1.1935e+05,35.22,1173.0,447.97,1520.00,5960.00,4.438,0.9620,0.5990
0,111.655460000,1.05100,2.8870e+03,2121.00,579.0,26.58,7.00,6967.00,4.086,1.8630,11.3832
0,1.276208990,2.16900,1.8620e+02,1.46,1851.0,2769.80,11.40,6304.00,4.435,1.0580,0.2760
0,499.473380000,12.24800,1.6620e+03,3.71,191.0,0.31,15.70,5251.00,4.581,0.8170,0.7930
0,9.751720174,16.19370,3.3290e+05,182.09,1356.0,800.41,1767.30,5147.00,3.424,3.1450,0.1500
1,19.672324000,4.81200,6.4990e+02,4.07,908.0,160.98,20.60,6486.00,4.136,1.4850,0.7210
0,73.918586150,6.97350,1.8407e+05,89.96,484.0,12.95,933.50,6300.00,4.404,1.0570,1.1370
0,2.565717939,1.70840,1.9417e+03,180.80,4607.0,106664.85,45.80,11360.00,3.636,4.7120,1.3130
0,7.735904410,4.43890,4.6530e+02,21.30,884.0,144.83,59.50,5927.00,4.544,0.8600,1.2050
0,1.519183350,5.45573,4.9999e+05,128.17,2517.0,9460.59,899.30,7426.00,4.116,1.6980,0.3360
0,3.963787093,3.10316,2.5015e+04,28.11,1389.0,880.12,584.80,6617.00,4.373,1.1800,0.9500
0,4.012537983,2.01010,1.9796e+04,9.96,765.0,80.95,166.00,4483.00,4.629,0.6300,0.7830
0,265.299622700,8.84520,1.0016e+05,33.81,270.0,1.25,616.30,5873.00,4.547,0.8630,0.7980
0,11.414375050,6.27600,4.5966e+04,44.08,1128.0,383.45,34.20,6826.00,4.187,1.5200,0.8950
0,11.413214400,2.37100,7.6400e+01,1.03,925.0,172.97,10.40,6188.00,4.330,1.1550,0.4390
0,66.789347000,4.08000,3.5850e+02,2.07,490.0,13.61,9.50,6297.00,4.448,1.0310,0.6670
0,3.319523463,3.34650,3.8832e+04,38.37,1108.0,356.42,249.40,5761.00,4.581,0.7910,1.1620
1,12.206430400,2.40700,1.3372e+03,5.41,895.0,151.44,16.20,5254.00,4.050,1.5140,0.1040
0,3.905532605,6.80910,7.3081e+04,21.37,1017.0,253.21,350.40,5495.00,4.543,0.7980,0.0020
1,210.631486000,8.41900,1.6578e+03,3.23,234.0,0.71,25.90,4895.00,4.589,0.7590,0.6420
0,9.934437950,8.09800,2.7500e+03,35.54,830.0,112.23,92.80,5763.00,4.484,0.9980,1.2640
0,75.072964000,9.21000,7.4300e+01,1.09,522.0,17.51,7.10,6443.00,4.325,1.2480,0.2602
0,360.477635000,4.33200,6.0400e+02,11943.80,339.0,3.11,7.30,6266.00,4.101,1.5220,72.8480
1,20.956998500,3.49300,1.9179e+03,2.38,363.0,4.11,22.70,3891.00,4.718,0.5640,0.1120
0,1.814128042,3.06460,2.0636e+03,426.98,3773.0,47891.79,163.90,4822.00,2.662,12.8990,1.2460
0,15.995094054,8.45037,4.4315e+04,17.09,676.0,49.26,2019.70,5899.00,4.574,0.8050,0.2720
0,0.978362973,1.20600,3.7100e+01,1.04,2772.0,13948.03,15.90,7193.00,4.156,1.6710,0.2670
0,2.745121487,2.98450,1.4608e+04,9.55,893.0,150.25,86.70,4608.00,4.648,0.6580,0.8610
0,20.573611300,11.22200,7.6000e+01,3.86,1197.0,484.82,12.30,5440.00,3.404,4.5240,0.0320
0,434.391480000,13.02000,1.2030e+02,1.59,236.0,0.73,10.40,5971.00,4.514,0.8680,0.9936
0,0.705891195,5.28100,1.5000e+01,1.00,4884.0,134291.26,32.90,10346.00,4.077,2.4490,0.5110
0,273.528359000,22.34600,4.0850e+02,115.40,557.0,22.75,32.10,7682.00,3.838,2.7830,1.3630
0,173.069290000,12.84000,5.7670e+02,30.29,518.0,17.08,19.90,7296.00,4.103,1.8180,1.1262
0,135.223193000,8.98900,5.6300e+01,0.92,417.0,7.18,8.90,6181.00,4.279,1.2270,0.0177
0,15.693785500,5.14900,3.6770e+02,1.99,755.0,76.79,14.20,5868.00,4.397,1.0370,0.2227
0,1.303570451,2.28163,3.3234e+05,235.58,2720.0,12920.56,573.20,4884.00,3.279,3.5840,0.5480
0,85.517344000,9.33100,2.7020e+02,3.04,482.0,12.75,12.90,5592.00,4.115,1.4510,0.9440
0,1.123258617,4.27355,3.7758e+05,150.94,3215.0,25226.88,779.20,7945.00,4.023,2.1700,0.5130
0,0.738527259,1.21740,4.2290e+02,49.08,2978.0,18549.81,104.10,5869.00,3.825,2.3130,1.1710
0,0.504296702,1.41450,5.9954e+03,50.41,2694.0,12445.73,231.80,6140.00,4.243,1.1870,1.2942
0,7.946367138,2.58667,2.7809e+05,36.01,629.0,36.92,1228.90,4789.00,4.678,0.5730,0.6360
0,1.428766771,3.97530,9.2200e+01,1.01,1737.0,2157.42,3.60,6197.00,4.449,1.0350,0.3540
0,23.392406300,3.41600,6.2300e+01,0.84,701.0,57.23,8.10,6221.00,4.400,1.0500,0.3153
0,5.065329723,4.90392,1.5561e+05,60.35,1315.0,705.60,5497.00,6350.00,4.233,1.2860,0.7250
0,3.796448299,11.59170,5.2288e+05,232.39,2577.0,10412.56,1487.20,8117.00,3.748,3.0700,0.2490
0,0.846291334,1.79962,1.9019e+05,30.80,1243.0,562.86,1049.30,4627.00,4.721,0.5260,0.7790
0,2.489550708,2.84685,2.9839e+04,36.91,1281.0,636.43,443.60,6018.00,4.569,0.7940,1.1850
0,0.706423768,1.05970,4.6100e+01,1.16,2845.0,15425.08,15.90,6514.00,4.090,1.5850,0.7100
0,1.787529210,5.31500,6.2900e+01,5.86,3868.0,52997.01,16.00,6286.00,3.056,7.3420,0.0640
0,1.060996585,2.64940,4.1142e+04,64.99,1968.0,3542.31,339.50,5433.00,4.154,1.3480,1.1410
0,17.844323157,5.07999,2.2236e+05,90.67,874.0,138.25,4456.60,5993.00,4.114,1.4850,0.7570
0,0.854509410,3.72300,1.3700e+01,0.35,1928.0,3269.09,9.00,5922.00,4.454,0.9210,0.4204
0,14.649459900,2.88300,2.2100e+02,1.00,574.0,25.65,7.40,5017.00,4.585,0.6880,0.1750
0,5.251918489,5.59653,2.9648e+05,51.51,1060.0,299.43,6979.70,6099.00,4.511,0.9190,0.3170
0,0.645850521,1.20820,5.4900e+01,0.69,1941.0,3366.81,16.80,5381.00,4.426,0.9110,0.4760
0,0.797089750,3.30100,1.9300e+01,0.54,2262.0,6174.20,9.80,6056.00,4.271,1.1960,0.5300
0,20.867855659,5.73122,8.2601e+04,53.53,716.0,62.09,2768.60,6095.00,4.378,1.0160,1.0450
0,5.395255730,7.83770,1.0424e+05,152.74,1992.0,3721.55,175.70,7216.00,3.768,2.8040,1.0000
0,76.453158130,5.18220,9.6622e+03,22.89,291.0,1.70,151.80,4831.00,4.713,0.5400,1.2600
0,1.061008464,2.80290,4.0877e+05,32.58,1002.0,238.59,997.70,4239.00,4.793,0.4540,0.4770
0,3.343285340,27.29000,1.6680e+02,64.00,2094.0,4535.97,79.50,6541.00,3.773,2.6520,1.2100
0,3.319766830,4.52300,4.8000e+01,0.70,1276.0,626.66,8.50,6100.00,4.438,0.9400,0.7130
0,2.172042913,8.03310,1.5438e+05,100.79,2169.0,5231.88,583.60,7128.00,4.105,1.7750,0.8810
0,0.898837525,3.53420,3.9978e+05,57.14,1615.0,1609.86,445.60,5284.00,4.518,0.8070,0.4960
0,1.352576807,5.49531,3.1748e+05,161.02,2866.0,15932.27,1365.10,6881.00,3.831,2.4060,0.6160
0,5.748815953,1.92160,1.1657e+04,26.94,799.0,96.29,43.30,4961.00,4.545,0.7530,1.1720
0,1.854491777,5.14771,3.8343e+05,63.08,1511.0,1232.64,1070.60,5843.00,4.413,0.9900,0.2850
0,567.713290000,12.85000,2.5940e+02,3.28,325.0,2.64,6.60,6248.00,3.924,1.9960,0.4247
0,2.756536015,1.59080,3.5908e+03,57.46,1580.0,1472.73,100.10,5496.00,4.020,1.6690,1.2390
0,1.945914237,2.87120,9.8805e+03,35.94,1417.0,955.56,299.20,5967.00,4.516,0.8300,1.2730
0,7.216360910,2.21800,3.8470e+02,18.03,2146.0,5009.17,37.20,5029.00,2.909,9.4760,0.0170
0,36.758927250,15.57230,2.6173e+05,51.31,575.0,25.82,4263.60,6085.00,4.438,0.9790,0.2980
0,0.874236216,2.35200,5.8400e+01,3.46,6177.0,344046.45,11.10,10894.00,3.667,4.3780,0.2375
0,1.262273170,3.30141,7.3425e+03,369.20,3790.0,48665.04,1159.90,4927.00,2.882,9.3560,1.2470
0,13.691790011,5.64674,9.7564e+04,49.20,994.0,230.66,8326.30,6295.00,4.158,1.5540,0.2690
0,18.060078203,11.57590,5.8975e+04,20.71,618.0,34.40,1797.60,5330.00,4.464,0.8550,0.3280
0,28.487107336,3.77887,3.7663e+04,116.84,963.0,202.98,658.20,6351.00,3.814,2.3850,1.1750
0,1.404691820,6.26327,7.0244e+05,217.25,2263.0,6187.57,2651.10,6230.00,4.043,1.8630,0.5970
0,11.257061600,29.05900,6.9024e+05,162.84,1272.0,619.07,655.20,6915.00,4.012,1.8750,0.0000
0,0.732406620,4.33000,3.2900e+02,3.65,3191.0,24515.44,15.30,7392.00,4.135,1.7720,0.8618
0,4.205579700,19.40000,1.0050e+02,1.80,1345.0,773.19,71.70,6190.00,4.261,1.2590,0.9883
0,1.574063832,5.63570,1.1181e+03,28.63,1619.0,1622.84,145.30,5951.00,4.411,0.9620,1.2370
0,4.238855579,5.22350,6.8002e+04,38.01,1044.0,280.82,374.80,5655.00,4.482,0.8040,1.0310
0,0.772803664,1.36800,2.9020e+02,1.11,1365.0,826.03,8.50,4535.00,4.607,0.6680,0.1990
0,22.470494368,7.39097,4.5979e+04,19.12,518.0,17.04,2393.20,5315.00,4.636,0.6970,0.8600
0,12.083537810,7.90317,4.3087e+04,50.33,1310.0,696.82,3799.50,6770.00,3.890,2.2140,0.7490
0,12.314402323,5.89030,3.9390e+05,75.21,864.0,131.33,2540.60,6247.00,4.433,1.0660,0.5060
0,2.442957270,4.06560,1.5298e+04,44.35,1352.0,788.17,85.50,5780.00,4.438,1.0000,1.2420
0,5.088582739,7.60660,4.4890e+02,46.02,1786.0,2400.30,40.30,7514.00,4.052,1.9550,1.1950
0,2.534707970,20.14300,3.2820e+02,50.25,2117.0,4744.68,99.50,6440.00,3.874,2.2540,1.1870
0,0.573036404,1.31760,4.1745e+03,9.97,2376.0,7539.67,419.60,5745.00,4.290,1.1960,0.9279
0,27.467217305,4.17961,7.1766e+04,38.87,527.0,18.22,1986.10,5503.00,4.536,0.7420,1.0760
0,2.340534383,4.43017,2.4136e+05,69.55,1581.0,1476.77,881.50,6300.00,4.349,1.1360,0.7100
0,7.226944171,23.01240,6.8218e+05,237.79,1179.0,457.25,3076.60,6270.00,4.199,1.3600,1.2330
0,0.541405029,2.74810,3.2766e+05,125.64,2679.0,12266.51,541.20,5096.00,3.889,1.7820,0.6410
0,0.527678272,2.33166,2.4774e+05,75.31,2551.0,9989.53,706.10,5321.00,4.069,1.4750,0.3850
0,7.293580100,40.02000,1.2450e+02,17.41,925.0,173.44,26.60,5900.00,4.509,0.9510,1.1570
0,87.878261910,12.81380,3.3906e+05,110.85,530.0,18.65,1974.60,5784.00,3.985,1.6420,0.5850
0,374.318792000,5.96000,1.5414e+06,243.21,241.0,0.79,10.30,5997.00,4.572,0.8150,0.8507
0,0.950487062,2.92830,1.1500e+01,1.35,4231.0,75637.15,15.40,8107.00,3.698,3.3850,0.9070
0,25.836831272,6.32201,1.4504e+05,50.72,587.0,28.08,3016.90,5691.00,4.477,0.8970,0.8990
0,8.144135648,8.88876,8.7881e+04,56.52,1491.0,1169.67,6113.70,7605.00,4.123,1.8620,0.2220
0,0.566792930,3.81400,1.0110e+02,0.86,2064.0,4264.42,22.10,5812.00,4.551,0.8530,0.1800
0,6.767341062,4.49213,2.4495e+05,52.84,933.0,178.98,3356.80,5926.00,4.513,0.8430,0.7240
0,3.556561700,6.69100,6.8000e+01,0.52,883.0,143.89,10.00,4964.00,4.628,0.6330,0.2620
0,2.199069234,6.30646,2.2525e+05,118.99,2104.0,4632.97,5915.40,6613.00,4.014,1.9250,0.7620
0,10.368552685,4.37878,1.5323e+05,61.14,845.0,120.48,3170.10,5855.00,4.418,0.9440,0.9780
0,1.891177230,6.98600,1.7620e+02,164.49,3536.0,36995.02,17.40,5086.00,2.660,6.8600,1.2070
0,11.961308501,4.64140,3.1068e+05,51.58,696.0,55.37,1907.80,5564.00,4.587,0.7850,0.6160
0,41.370163800,29.25400,6.9071e+03,59.95,1133.0,389.15,91.30,4764.00,2.777,6.8830,0.6530
0,32.455412690,7.37360,1.3639e+05,23.48,392.0,5.55,180.90,4869.00,4.710,0.5430,0.7260
0,6.091954982,3.60482,3.6700e+04,26.96,1036.0,272.70,1508.70,6063.00,4.424,0.9130,0.9530
0,0.566787020,3.07400,7.5000e+00,0.27,2356.0,7279.54,11.20,6045.00,4.375,0.9990,0.0063
0,0.615787196,3.06700,1.1060e+02,3.50,3886.0,53910.99,23.90,6315.00,3.603,3.0750,0.7452
0,13.174807933,3.37392,7.1071e+04,51.06,811.0,102.20,1812.60,6067.00,4.433,0.9970,1.0650
0,18.778162159,8.10180,4.8841e+05,127.57,1002.0,238.50,3788.70,6794.00,4.102,1.7100,0.3570
0,80.706064100,6.88990,1.1852e+04,15.47,428.0,7.96,268.10,6053.00,4.494,0.9490,0.9560
0,0.626431697,2.01710,3.7224e+04,34.05,1709.0,2003.98,174.00,5134.00,4.560,0.7210,1.1450
0,246.871310000,10.69000,4.3360e+02,2.02,302.0,1.97,6.90,6168.00,4.488,0.9600,0.3270
0,2.274628199,4.52648,1.0397e+05,104.26,2092.0,4536.51,2047.90,6389.00,3.914,1.9470,0.9860
0,6.627611990,6.15281,2.2714e+05,82.03,1204.0,496.41,4355.50,6316.00,4.231,1.3330,0.7530
0,2.796661168,3.37810,2.3638e+03,47.68,1661.0,1797.72,251.40,6331.00,4.146,1.3260,1.2760
0,8.784575777,5.30220,2.6298e+05,104.57,1555.0,1380.83,4761.50,8144.00,4.139,1.9140,0.5000
0,1.253388260,3.82800,4.4700e+01,0.64,1651.0,1750.61,14.80,5869.00,4.513,0.9420,0.4690
0,20.726069913,6.47393,1.1886e+05,51.90,657.0,43.93,1216.80,6011.00,4.522,0.9020,0.9890
0,0.566791946,2.77000,1.2570e+02,1.54,2160.0,5129.25,14.10,5836.00,4.500,0.9700,0.9820
0,10.643110689,88.11180,3.1630e+02,31.72,1038.0,274.67,153.70,5930.00,4.084,1.4730,1.1790
0,0.586408480,2.61600,6.1300e+01,0.48,1444.0,1029.91,23.60,4556.00,4.676,0.6150,0.3520
0,2.488812012,5.94523,1.3100e+05,83.26,1852.0,2776.19,3290.50,6499.00,4.084,1.4970,0.9310
0,2.413491230,11.29000,5.7000e+01,2.11,2348.0,7197.15,38.10,6628.00,3.783,2.5950,0.7280
0,2.521265000,2.69000,3.6500e+01,1.16,2049.0,4175.66,5.90,6306.00,3.828,1.8740,0.4630
0,1.891216560,5.14000,6.6800e+01,0.73,1434.0,997.34,10.70,5741.00,4.438,0.8840,0.4040
0,3.589666810,18.53400,4.2130e+02,95.86,2410.0,7969.78,102.30,6564.00,3.515,3.8370,1.2090
0,0.898932836,2.43700,6.1100e+01,1.51,2489.0,9056.70,22.30,5712.00,3.959,1.8720,0.5650
0,58.643790000,24.44000,1.8210e+02,1.05,437.0,8.59,12.00,5833.00,4.537,0.7750,0.2260
0,5.243661200,11.39000,8.8300e+01,1.10,1249.0,574.76,14.50,6598.00,4.387,1.1450,0.4360
0,0.898792790,1.03100,2.6600e+01,0.57,2116.0,4765.10,5.70,6224.00,4.373,1.0960,0.2490
0,14.797219157,7.61037,2.5270e+05,47.71,787.0,90.80,7795.30,6343.00,4.495,0.9310,0.1570
0,1.468426480,6.66660,1.5100e+05,40.30,1559.0,1402.93,622.80,5539.00,4.381,0.9590,0.6330
0,5.403462480,7.64940,2.6135e+05,108.46,1559.0,1398.38,2851.30,6350.00,3.921,1.9840,0.5210
0,19.230038188,7.04412,2.6618e+05,186.53,1361.0,810.65,7232.10,7703.00,3.844,2.9160,0.6940
0,19.407958161,6.09676,1.4206e+05,44.96,633.0,37.92,2506.60,5702.00,4.485,0.7990,0.9050
0,0.947548480,1.73470,1.1348e+04,224.79,622.0,35.37,44.70,3246.00,5.087,0.2000,11.1936
0,1.703329150,1.66300,9.8500e+01,0.86,1420.0,965.03,8.90,5749.00,4.547,0.8640,0.3070
0,1.874967748,10.01590,3.1526e+04,378.99,4440.0,91765.97,1566.60,4588.00,2.232,18.3280,0.8170
0,3.115304946,4.88748,1.4952e+05,61.66,1404.0,918.39,1398.80,6367.00,4.419,1.0870,0.8900
0,359.534371000,24.20500,5.7320e+03,64333.80,491.0,13.70,96.00,5087.00,3.183,5.8990,100.8060
0,2.253537390,5.74622,1.8283e+05,96.65,2056.0,4215.56,904.80,6951.00,4.119,1.6620,0.8200
0,0.566780836,4.93700,6.0900e+01,0.75,2204.0,5608.62,18.70,5949.00,4.493,0.9620,0.0050
0,2.496328637,2.73115,2.0527e+04,112.28,2317.0,6804.42,1412.40,6757.00,3.842,2.6150,1.1990
0,7.932019100,8.18000,1.2510e+02,1.04,811.0,102.05,8.80,5219.00,4.441,0.9050,0.5896
0,1.105094098,4.38191,7.3050e+05,267.59,3771.0,47811.67,3732.80,8011.00,3.773,2.9270,0.1610
0,1.941635737,2.46683,6.9814e+04,59.71,1728.0,2109.03,1243.70,6525.00,4.381,1.1610,1.0710
0,3.442714533,3.36034,6.0039e+04,47.02,1157.0,423.13,964.80,5819.00,4.501,0.8610,1.1420
0,2.115510941,7.28770,4.1516e+05,191.42,2701.0,12609.03,1351.50,7563.00,3.883,2.6380,0.4920
0,18.839487435,5.62797,1.8272e+05,45.20,734.0,68.54,2003.10,6208.00,4.454,1.0240,0.4210
0,2.470283788,7.83910,1.9383e+05,157.82,2657.0,11792.22,967.70,7823.00,3.885,2.6750,0.8040
0,0.759764419,5.72501,3.9327e+05,138.54,2715.0,12833.03,1728.10,5807.00,3.930,1.9090,0.5450
0,20.148807707,8.52557,5.2695e+05,68.52,631.0,37.55,3487.50,5547.00,4.447,0.9180,0.2150
0,2.245738777,8.61629,4.8349e+05,99.05,1737.0,2156.25,2121.80,6508.00,4.287,1.3120,0.3970
0,28.787257509,13.95300,4.9618e+04,91.26,971.0,210.02,1292.00,5154.00,3.461,3.9810,0.5590
0,2.665875491,7.59461,1.6139e+05,67.43,1502.0,1199.89,2274.70,6234.00,4.351,1.1590,0.8780
0,1.332567821,3.48440,3.1000e+01,0.96,2395.0,7802.17,5.00,6600.00,4.047,1.6810,0.4130
0,2.161583501,4.05370,5.0163e+04,29.61,1646.0,1741.01,239.20,5888.00,4.167,1.2190,0.7150
0,5.937170800,4.95400,1.5710e+02,1.17,945.0,188.41,10.10,5475.00,4.426,0.9230,0.4778
0,4.016680150,2.28280,3.8007e+04,22.11,1016.0,252.13,87.90,5448.00,4.497,0.7940,0.9110
0,4.247488860,3.05300,1.2100e+02,1.01,1079.0,319.94,10.00,5807.00,4.524,0.9220,0.2420
0,12.425381200,19.78100,1.1530e+02,1.14,823.0,108.46,26.80,5925.00,4.412,1.0660,0.1583
0,0.755109271,2.61900,2.3200e+01,0.47,1961.0,3494.52,12.90,5606.00,4.390,0.9620,0.4041
0,2.212877035,4.66961,3.7620e+05,69.18,1507.0,1221.98,2731.00,6153.00,4.405,1.0000,0.5180
0,0.566803996,3.39900,1.4160e+02,0.64,1350.0,786.10,23.40,4373.00,4.722,0.5440,0.1230
0,1.018849750,3.23300,3.0900e+01,0.47,1754.0,2238.64,14.80,6068.00,4.568,0.8290,0.2737
0,0.509483060,3.14000,7.4600e+01,1.22,3024.0,19778.63,8.00,6344.00,4.091,1.3900,0.3535
0,3.138580493,4.16343,2.3334e+05,59.24,1281.0,635.61,2387.80,5593.00,4.311,1.0830,0.6190
0,2.856085147,4.57760,1.7384e+05,88.52,1739.0,2164.00,422.10,6604.00,4.178,1.5260,0.8410
0,14.361021578,13.28950,4.5988e+05,45.90,594.0,29.44,2599.00,5229.00,4.607,0.6680,0.0030
0,1.953285321,1.67598,1.5203e+03,151.56,2927.0,17363.68,237.70,6450.00,3.501,3.9280,1.3120
0,569.450510000,9.63000,4.2540e+02,1.96,225.0,0.61,8.20,6117.00,4.496,0.9470,0.0010
0,8.665259912,3.10880,1.8406e+03,82.42,1378.0,852.84,181.40,6071.00,3.796,2.3890,1.2690
0,74.985292949,6.23451,1.0535e+05,49.22,425.0,7.69,1754.80,5955.00,4.520,0.9100,0.9870
0,10.768391927,12.52520,1.0738e+05,52.80,970.0,209.25,2085.70,5226.00,3.970,1.6430,0.0010
1,4.485592150,0.81610,2.2650e+03,0.95,365.0,4.20,15.00,3236.00,5.097,0.1930,0.4420
0,0.566803738,1.84810,1.0060e+02,1.13,2450.0,8516.13,33.10,6300.00,4.404,1.0570,0.6755
0,0.687004402,3.82900,9.3700e+01,2.89,3535.0,36888.80,45.00,6240.00,3.684,2.8030,0.6890
0,0.651731691,2.46020,2.0524e+04,71.90,2604.0,10815.86,347.50,5791.00,4.052,1.4720,1.2550
0,10.684047700,3.51500,8.1901e+04,26.43,444.0,9.21,395.30,3887.00,4.743,0.5230,1.0120
0,27.308150159,4.43906,3.8800e+05,47.06,523.0,17.75,820.90,5541.00,4.574,0.7390,0.1670
0,1.332587720,5.18700,7.0800e+01,1.13,1825.0,2625.26,16.00,5576.00,4.201,1.2890,0.6340
0,1.061003270,1.67500,9.5900e+01,0.94,1793.0,2443.69,9.70,5966.00,4.493,0.9610,0.0834
0,2.250207300,2.20300,2.6010e+02,19.94,3637.0,41377.92,7.80,4507.00,2.391,12.7870,0.2680
0,10.819169459,5.50262,4.3714e+05,67.76,850.0,123.51,5258.20,5955.00,4.429,0.9910,0.2750
0,2.182515126,6.84130,1.1493e+05,128.15,2703.0,12627.67,861.60,8051.00,3.966,2.3470,0.9680
0,1.759276227,3.19585,3.2091e+04,40.79,1861.0,2828.82,2857.70,6656.00,4.351,1.2320,1.0260
0,3.667300500,3.37300,1.4490e+02,0.62,627.0,36.42,9.10,3823.00,4.729,0.5190,0.1985
0,7.418536900,1.45100,1.4700e+01,0.81,1963.0,3511.86,5.20,9763.00,4.179,2.0450,0.0530
0,0.533628226,5.77200,8.1800e+01,2.41,3885.0,53849.23,35.30,7163.00,3.906,2.1770,0.9385
0,1.227751050,1.60200,3.2760e+02,1.00,1094.0,340.64,20.30,4551.00,4.713,0.5600,0.2620
0,0.696290095,3.83900,1.2050e+02,12.63,1969.0,3537.89,19.40,5904.00,4.543,0.8670,1.1230
0,1.174301830,9.58700,6.4500e+01,2.22,3020.0,19656.66,13.50,7537.00,4.007,2.1450,0.9744
0,2.150452950,4.45300,1.6910e+02,24.27,4340.0,83894.63,25.80,4899.00,2.356,18.9200,0.3604
0,0.643002821,1.02608,2.6715e+03,36.82,2188.0,5409.39,295.60,5681.00,4.315,1.0360,1.2610
0,552.829506300,16.08510,2.6630e+05,56.89,229.0,0.65,942.60,5956.00,4.403,0.9290,0.6530
0,0.562498925,0.67430,4.2010e+02,2.88,2129.0,4880.50,44.10,5638.00,4.437,0.9330,0.9710
0,1.219736039,4.89465,6.1152e+05,135.43,2611.0,10982.55,1037.20,7358.00,4.171,1.6370,0.2290
0,9.934420750,7.82190,5.5965e+04,34.03,679.0,50.35,529.00,5382.00,4.654,0.6690,1.1170
0,1.566528935,3.25930,9.2511e+04,49.66,1551.0,1371.70,485.00,5883.00,4.471,0.9050,1.0330
0,1.540396094,2.80440,5.5123e+04,48.81,1576.0,1455.18,340.40,5780.00,4.438,1.0000,1.0930
0,235.297617300,87.01300,2.3053e+04,82.92,585.0,27.65,210.70,4894.00,2.968,5.5680,0.2758
0,0.933696590,4.44400,8.1400e+01,0.78,1680.0,1891.43,10.80,5619.00,4.558,0.8380,0.5700
0,3.796383639,8.67110,3.1100e+01,0.71,1323.0,724.17,24.50,6017.00,4.300,1.2100,0.6490
0,297.714020000,13.41300,1.3745e+03,45.69,706.0,58.76,16.30,4916.00,2.572,10.8010,0.8328
0,541.742985000,10.47000,1.0386e+03,3.39,248.0,0.90,25.90,6373.00,4.438,1.0470,0.0410
0,0.892988877,2.44280,8.5000e+01,2.94,3285.0,27545.43,43.80,6228.00,3.668,2.9750,0.7100
0,1.525924746,1.95500,7.4100e+01,8.86,3786.0,48691.77,11.90,5000.00,2.810,10.5330,0.2080
0,451.865790000,13.47000,8.0000e+01,1.85,464.0,10.97,12.00,9024.00,4.154,2.0050,0.3790
0,0.566785459,2.89300,6.3800e+01,0.84,2280.0,6410.46,16.50,6063.00,4.476,1.0120,0.5880
0,0.577910513,1.36200,1.4410e+02,1.10,2081.0,4429.84,18.10,5730.00,4.503,0.9080,0.3670
0,10.421278800,28.48320,1.4800e+02,36.90,1235.0,549.92,31.00,6183.00,3.908,2.0730,1.1510
0,28.162612575,3.19576,3.7750e+04,23.52,470.0,11.52,912.70,4936.00,4.540,0.7610,0.9520
0,2.537081943,4.80903,2.4532e+05,67.96,1712.0,2032.57,2434.80,6735.00,4.307,1.3090,0.4510
0,3.344659340,10.79600,5.7600e+01,1.17,1559.0,1396.11,24.30,5966.00,4.069,1.5510,0.0050
1,37.633386800,4.49000,1.6617e+03,2.25,299.0,1.88,18.60,3891.00,4.718,0.5640,0.3380
0,2.442001930,3.14600,1.2860e+02,0.95,1217.0,518.48,9.60,5587.00,4.556,0.8510,0.1240
0,20.259423200,19.27000,8.2600e+01,1.23,837.0,116.05,23.70,6602.00,4.301,1.2690,0.7070
0,1.245342215,4.40308,2.3409e+05,90.34,2341.0,7120.27,1178.50,6967.00,4.250,1.4760,0.7280
0,342.553157230,73.80680,1.9289e+05,830.99,738.0,70.22,8248.40,4857.00,2.422,14.2190,0.7970
0,10.064687893,3.59854,1.0088e+04,30.11,679.0,50.11,585.40,5185.00,4.571,0.7050,1.2610
0,37.537859000,6.51300,2.6900e+02,1.77,583.0,27.38,8.20,6095.00,4.429,1.0820,0.0580
0,1.588262630,2.65500,7.8900e+01,0.47,862.0,130.67,8.50,3931.00,4.717,0.5440,0.0210
0,0.527673075,1.36930,2.6100e+01,0.42,1970.0,3535.35,2.30,5367.00,4.514,0.8280,0.1340
0,12.496434600,84.32000,2.7170e+02,55.34,1397.0,899.44,141.50,6821.00,3.805,2.7300,1.1700
0,6.570421193,4.46980,6.0118e+04,33.99,946.0,189.25,712.60,5812.00,4.484,0.9080,0.9390
0,0.612888148,2.82200,4.3100e+01,0.93,2796.0,14401.76,15.90,6720.00,4.276,1.3680,0.5340
0,2.521270800,2.70600,1.6330e+02,0.81,1003.0,238.81,7.80,5110.00,4.674,0.6370,0.3286
0,1.882438182,3.50695,3.4420e+05,74.77,1818.0,2589.75,2051.30,6322.00,4.211,1.2130,0.3950
0,5.088407870,4.77204,3.8668e+05,55.30,937.0,181.75,3095.00,5618.00,4.583,0.7910,0.5130
0,1.463148937,11.04000,1.6800e+02,15.82,2371.0,7470.01,66.60,6525.00,3.993,1.8050,1.0653
0,0.561524348,3.33600,3.4100e+01,0.43,2050.0,4173.47,15.70,5919.00,4.550,0.7150,0.4172
0,0.508187430,3.43300,5.4900e+01,1.26,3274.0,27312.92,29.10,7141.00,4.243,1.5600,0.7790
0,361.510990000,4.86800,2.3590e+02,6.85,733.0,68.36,9.30,9492.00,3.619,4.2980,0.4430
0,0.619303759,6.60380,7.4500e+01,4.71,3232.0,25737.02,3.50,7138.00,4.137,1.6840,1.0130
0,0.566797404,4.10900,6.9400e+01,0.64,1890.0,2993.84,18.80,5313.00,4.510,0.7840,0.1190
0,2.242941070,2.53200,3.9400e+01,0.75,1654.0,1763.55,12.10,6082.00,4.195,1.1840,0.2300
0,2.534740757,4.85013,3.6435e+05,52.52,1230.0,541.27,675.70,5810.00,4.560,0.7810,0.5100
0,0.566799833,5.54300,1.9800e+02,1.27,1900.0,3084.60,54.00,5488.00,4.584,0.7890,0.8510
0,1.025465924,3.71841,1.5268e+05,106.84,2710.0,12744.17,1120.80,6700.00,4.041,1.8830,0.8800
0,2.264471713,7.18030,1.8743e+05,102.12,2103.0,4637.68,873.70,6782.00,4.014,1.7520,0.8100
0,0.876941133,1.29600,7.3500e+01,0.85,1938.0,3332.14,12.30,6018.00,4.485,0.9750,0.3860
1,2.853133997,1.46500,2.7710e+02,1.36,1016.0,251.77,39.70,5041.00,4.576,0.7660,0.6980
0,0.530300102,2.85020,3.0400e+03,35.73,2410.0,7972.18,207.40,6184.00,4.448,1.0380,1.2507
0,1.827660875,3.98600,4.6677e+04,42.10,1664.0,1811.72,890.30,6352.00,4.427,1.0720,1.0260
0,5.024768971,3.82433,5.3046e+04,42.15,1159.0,425.90,696.50,6322.00,4.444,0.9890,1.0380
0,2.668111130,22.49000,4.8300e+01,1.53,1792.0,2439.28,32.50,6593.00,4.164,1.5610,0.9911
0,0.566800113,3.31500,1.0400e+02,0.58,1180.0,455.05,18.10,3844.00,4.721,0.5260,0.7510
0,4.702495974,2.34210,4.7873e+03,37.24,981.0,219.08,101.10,5408.00,4.476,0.8780,1.3030
0,364.339290000,13.48600,1.9440e+03,4.40,228.0,0.64,15.90,5606.00,4.557,0.8000,0.9340
0,0.890333100,2.64300,1.3410e+02,20.96,5714.0,251387.46,10.80,4981.00,2.437,18.3740,0.3220
0,3.044597390,7.63800,6.6100e+01,0.62,1076.0,317.36,18.20,5525.00,4.603,0.7530,0.3850
0,0.566789763,4.00800,2.5400e+01,0.40,1984.0,3662.84,15.40,5799.00,4.600,0.7580,0.6376
0,13.639480425,3.12422,8.1103e+04,44.00,680.0,50.51,664.10,5461.00,4.517,0.8460,1.0330
1,153.979362000,9.02800,7.9250e+02,2.53,330.0,2.82,16.10,5858.00,4.502,0.9030,0.0360
0,421.981940000,13.79900,1.7310e+02,2.02,334.0,2.96,15.00,6760.00,4.193,1.5150,0.1494
0,12.423967700,16.01000,1.6240e+02,0.87,606.0,31.93,12.80,4995.00,4.580,0.6980,0.0070
0,0.536649700,2.88700,1.0540e+02,0.92,2142.0,4982.76,10.60,5822.00,4.529,0.8980,0.0420
0,1.061937837,2.31000,5.2000e+01,0.68,1757.0,2252.16,16.30,5893.00,4.505,0.9410,0.1250
0,33.159475806,9.01353,2.2217e+05,146.47,1068.0,307.53,3733.60,7967.00,4.001,2.3790,0.7680
0,1.215181097,1.29500,3.9700e+01,0.87,2230.0,5844.41,11.80,6717.00,4.268,1.3650,0.1356
0,100.303613000,10.57800,4.8804e+05,78.77,421.0,7.41,354.70,6060.00,4.397,1.0460,0.3880
0,1.025472710,1.99600,2.7000e+01,0.94,2657.0,11800.82,10.90,6862.00,4.114,1.7120,0.6510
0,7.448375935,4.23892,1.5267e+05,34.37,871.0,136.18,1837.90,5636.00,4.489,0.8670,0.3500
0,4.292599454,4.73293,1.4003e+05,64.04,1319.0,715.83,1329.60,6467.00,4.377,1.1740,0.8900
0,25.321698729,4.45367,1.1959e+05,56.62,655.0,43.39,673.30,6109.00,4.455,1.0290,0.9540
0,2.217010250,2.14800,2.9400e+01,1.16,2371.0,7467.21,11.70,7524.00,4.067,2.0920,0.0662
0,224.591055000,3.23200,1.2520e+02,2.17,392.0,5.56,8.20,5786.00,3.992,1.7710,0.7680
0,153.521361000,3.89300,2.5520e+02,3.09,493.0,13.99,5.70,6233.00,3.951,1.9210,0.1485
0,1.140735280,2.39400,1.3500e+01,0.68,3190.0,24512.67,7.80,8847.00,4.200,1.6850,0.7680
0,13.683692590,4.22504,1.8551e+05,30.60,635.0,38.37,3641.60,5359.00,4.566,0.7080,0.0890
0,12.422791800,27.29000,2.0260e+02,1.44,634.0,38.29,15.50,5279.00,4.620,0.7200,0.9790
0,2.442941283,4.18470,3.7338e+04,48.18,1352.0,788.17,229.70,5780.00,4.438,1.0000,1.1640
0,0.566792936,2.84600,2.3000e+01,0.79,3114.0,22251.32,14.30,6432.00,4.018,1.6030,0.4670
0,1.457289970,3.58200,7.1300e+01,0.93,1665.0,1818.19,15.50,6063.00,4.476,1.0120,0.7490
0,0.766298172,1.78462,1.9401e+04,15.64,2163.0,5154.54,368.90,6267.00,4.431,0.9960,0.8130
0,5.243978300,10.10000,9.3500e+01,1.03,1068.0,307.32,13.10,6029.00,4.481,0.9560,0.8200
0,2.037427120,3.93900,3.6000e+01,0.90,1812.0,2550.21,11.40,6356.00,4.215,1.3580,0.7910
0,15.926632768,7.42888,2.7186e+05,57.95,670.0,47.68,2278.90,5496.00,4.471,0.9170,0.6720
0,10.303356001,5.98633,5.2007e+05,69.66,787.0,90.76,2039.10,5497.00,4.423,0.9000,0.3640
0,10.993826800,5.07460,4.1921e+05,52.69,627.0,36.46,469.50,4856.00,4.554,0.7430,0.4710
0,396.048721000,16.37600,9.3180e+02,13.52,370.0,4.43,39.40,5327.00,3.643,2.8820,0.9780
0,1.889849570,19.45000,2.4967e+05,73.04,1221.0,526.50,401.50,5328.00,4.571,0.7160,1.1820
0,17.445640466,6.08966,3.3416e+05,63.46,682.0,51.15,4093.90,5759.00,4.481,0.9450,0.5880
0,24.261683827,7.16170,1.9228e+05,58.48,659.0,44.55,5083.90,6151.00,4.473,0.9830,0.8140
0,1.806631432,1.10200,2.1750e+02,1.05,1059.0,297.98,10.40,4606.00,4.591,0.6990,0.5360
0,19.385489400,1.03100,4.5600e+03,6.13,632.0,37.73,2.70,5432.00,4.420,0.9130,0.0074
0,0.875267982,1.60380,1.1701e+04,39.19,1910.0,3157.34,44.90,5821.00,4.402,0.8980,1.2580
0,186.594660000,16.57000,6.8500e+02,2.66,338.0,3.07,8.80,6163.00,4.461,1.0130,0.1328
0,63.520175250,17.17590,3.2548e+04,77.10,745.0,72.92,1708.10,4938.00,3.388,4.3300,0.3750
0,2.069415479,5.71941,1.6188e+04,55.45,1768.0,2310.53,1148.30,6640.00,4.343,1.2500,1.2410
0,4.318726936,2.67349,5.9429e+04,29.74,1091.0,334.31,394.40,5896.00,4.518,0.9160,0.8670
0,1.506503686,5.02151,4.7710e+05,178.15,3250.0,26341.29,3289.10,8751.00,4.026,2.3520,0.4010
0,2.243015737,4.31675,2.7795e+05,92.34,1813.0,2547.31,5552.20,6181.00,4.084,1.4440,0.6610
1,5.342641430,2.45300,6.9130e+02,1.72,799.0,96.47,19.90,5101.00,4.630,0.6700,0.0210
0,0.733726452,2.30900,1.1460e+02,0.86,1867.0,2891.64,13.80,5855.00,4.578,0.7970,0.2910
0,1.512642080,1.87100,2.3842e+04,36.72,1357.0,801.00,262.60,5258.00,4.508,0.8110,1.1920
0,0.792023257,3.26040,1.7660e+02,0.81,1300.0,678.05,49.60,4447.00,4.632,0.6250,0.2050
0,2.131225773,5.49320,2.3371e+03,35.68,1555.0,1382.47,215.60,6181.00,4.380,1.0280,1.2640
0,2.179924994,4.87581,2.5315e+05,60.99,1448.0,1040.63,4541.10,6106.00,4.487,0.9660,0.7110
0,117.684591000,2.21900,1.3460e+02,1.52,459.0,10.46,5.30,6362.00,4.248,1.2790,0.4466
0,14.665759784,3.65814,3.3698e+05,67.17,712.0,60.89,1143.60,5385.00,4.369,1.0020,0.5760
0,60.297677400,14.25610,3.1589e+05,63.57,481.0,12.63,1215.80,5995.00,4.434,0.9770,0.5960
0,9.455586047,8.42272,1.1517e+05,178.47,1972.0,3576.17,1876.90,7221.00,3.488,4.2400,0.7910
0,3.711862430,1.03200,5.3900e+01,0.95,1406.0,922.90,7.00,6302.00,4.299,1.2580,0.4690
0,1.540399732,1.63000,5.7600e+01,0.58,1312.0,700.19,14.80,5160.00,4.518,0.7840,0.1060
0,1.286196710,1.11400,1.3720e+02,1.27,1646.0,1740.01,5.90,5650.00,4.391,0.9260,0.8740
0,31.972800450,4.90000,2.2364e+03,5.88,626.0,36.33,44.80,6340.00,4.457,1.0100,0.9350
0,4.608901433,8.73393,3.7855e+05,48.72,1007.0,242.90,2624.60,5938.00,4.605,0.7550,0.3860
0,2.751566365,5.24030,7.2609e+04,42.98,1171.0,445.35,180.00,5461.00,4.497,0.8610,1.0410
0,611.092990000,15.22000,2.7000e+02,1.53,215.0,0.51,12.20,6032.00,4.508,0.9290,0.2171
0,7.515097130,2.62000,1.8710e+02,1.23,685.0,51.99,10.10,4867.00,4.630,0.6960,0.9340
0,117.844963000,1.95100,1.0430e+03,2.52,308.0,2.13,6.60,5317.00,4.595,0.7690,0.4594
0,4.080293280,2.83430,1.1284e+03,2.92,1044.0,280.40,43.10,5619.00,4.536,0.8740,0.2428
0,15.327634110,6.06620,1.7749e+04,291.01,1472.0,1108.58,117.00,4830.00,2.987,6.7840,1.2040
0,677.357940000,9.69800,3.2240e+02,7.12,388.0,5.35,11.20,6335.00,3.593,3.5230,0.8359
1,3.875943160,2.31400,5.8600e+01,0.68,1081.0,323.21,14.20,5713.00,4.541,0.8930,0.0250
0,53.220416998,17.73440,7.2895e+04,55.22,655.0,43.63,4563.50,5653.00,3.905,2.0570,0.2480
0,21.539269242,5.32432,1.4375e+05,53.00,674.0,48.89,2642.20,6136.00,4.487,0.9330,0.9080
0,0.676990194,1.69459,2.0506e+04,37.50,1919.0,3192.15,997.00,5813.00,4.568,0.8160,1.2230
0,66.247851000,4.04000,6.6600e+02,16.67,925.0,172.74,8.30,5214.00,3.109,6.5190,0.2847
0,10.403239900,23.85000,1.0562e+03,51.47,1104.0,350.59,272.80,6428.00,4.144,1.4360,1.2960
0,1.307761491,2.22271,1.3941e+04,29.17,1298.0,671.75,531.50,5112.00,4.596,0.6730,1.2370
0,0.566793614,5.72300,3.1400e+01,21.63,7584.0,781981.98,79.80,3789.00,1.549,27.3840,0.9476
0,6.490662140,3.47128,1.9509e+05,33.46,621.0,35.28,1680.00,4448.00,4.684,0.5630,0.7980
0,1.140133012,9.25100,2.2320e+02,126.77,4370.0,86385.22,63.40,6715.00,3.211,5.9700,1.1810
0,14.313157391,8.90236,2.1567e+04,34.98,1144.0,404.48,4262.90,5750.00,3.703,2.3790,0.0040
1,31.827649000,1.63900,5.2000e+02,4.98,668.0,47.21,16.40,4774.00,3.838,1.9540,0.7850
0,0.750737313,1.71200,3.8800e+01,0.48,1603.0,1558.69,13.40,5151.00,4.602,0.7610,0.4630
0,0.594003994,5.55700,2.5400e+01,1.55,4952.0,142174.84,51.10,8596.00,3.793,2.9680,0.4978
0,351.204993000,22.41400,1.2579e+03,3.57,258.0,1.04,21.30,5845.00,4.435,0.9180,0.7770
0,1.992098705,4.03833,6.9414e+04,45.85,1435.0,1006.31,1186.00,6024.00,4.523,0.9000,1.0690
0,8.391400240,1.19300,1.3440e+02,1.10,921.0,169.89,9.20,5892.00,4.389,0.9350,0.3420
0,0.812678859,0.84100,3.9300e+01,0.83,2403.0,7917.14,7.40,6636.00,4.349,1.2360,0.6640
0,1.506501360,3.11260,6.6900e+01,0.80,1562.0,1403.44,41.90,5607.00,4.381,0.9480,0.5560
0,384.097810000,12.55000,1.0010e+02,1.63,330.0,2.80,8.70,5884.00,3.979,1.6280,0.0160
0,171.046664000,2.43800,7.3100e+02,32.31,827.0,110.64,9.80,4932.00,2.697,12.0480,0.3870
0,363.971650000,5.70200,1.9660e+03,40.48,231.0,0.68,8.50,5648.00,4.559,0.8410,1.3940
0,2.183517999,4.27030,1.3216e+03,4633.66,9791.0,2169685.72,147.70,3198.00,0.047,162.7250,1.2140
0,20.000242814,5.00420,1.3138e+04,21.57,746.0,73.09,796.50,6373.00,4.438,1.0470,1.0040
0,0.609668222,2.83600,2.8760e+02,1.35,1805.0,2491.57,15.70,5296.00,4.576,0.8150,0.1350
0,0.784031658,0.77730,3.5220e+02,1.55,1705.0,1995.65,28.20,5435.00,4.578,0.8240,0.1020
1,31.003307200,5.25300,6.4520e+02,2.72,616.0,34.03,22.10,6090.00,4.447,1.0710,0.1510
0,0.734548624,2.20700,5.8600e+01,0.84,2082.0,4454.22,25.10,6046.00,4.478,1.0070,0.7470
0,238.561202000,11.90000,2.6020e+02,5.75,568.0,24.55,16.40,6565.00,3.573,3.3080,0.7320
0,288.678554000,9.19700,2.4250e+02,0.96,172.0,0.21,10.80,4326.00,4.667,0.5750,0.7170
0,8.653119030,1.27300,2.0680e+02,0.85,493.0,13.95,8.90,3929.00,4.705,0.5500,0.7010
0,0.851678507,2.02800,6.7900e+01,0.85,1840.0,2698.28,9.10,5403.00,4.389,1.0290,0.4180
0,2.404556949,7.49180,4.0870e+02,4.69,1958.0,3474.41,147.10,6426.00,4.013,1.7750,0.9700
0,2.178127690,1.64500,6.1700e+01,0.78,1421.0,963.16,10.40,6014.00,4.494,0.9580,0.5330
0,77.773042000,2.28500,4.3260e+02,15.03,955.0,196.50,7.70,4763.00,2.685,7.0680,0.5580
0,115.284150000,11.39000,4.1510e+02,2.05,374.0,4.63,9.50,5780.00,4.438,1.0000,0.3900
0,190.783023000,4.06900,1.3850e+03,71.66,989.0,226.51,9.50,5013.00,2.394,19.8130,0.0880
0,5.063188030,13.89130,6.6268e+05,302.18,908.0,160.52,1602.70,5375.00,4.531,0.7520,3.4000
1,57.689621200,5.11800,1.6266e+03,5.14,512.0,16.19,30.20,6228.00,4.441,1.0490,0.9240
1,24.334493900,6.55700,3.2310e+02,1.74,647.0,41.30,18.10,6091.00,4.487,0.9670,0.0170
1,48.431300300,4.03000,8.8640e+02,2.78,396.0,5.81,17.30,4891.00,4.516,0.8050,0.8460
0,0.933749100,3.84200,9.8100e+01,0.79,1662.0,1809.26,12.60,5628.00,4.575,0.8080,0.0840
0,260.022650000,12.00900,2.0607e+03,3.13,217.0,0.53,25.70,5250.00,4.684,0.6080,0.8420
0,379.428180000,11.24000,4.0390e+02,1.89,252.0,0.95,11.10,5947.00,4.487,0.9450,0.0060
0,397.727330000,11.68300,2.3280e+02,1.48,253.0,0.97,9.00,6032.00,4.485,0.9730,0.0130
0,7.002865192,5.90232,3.4970e+05,75.09,1197.0,486.09,8168.60,6818.00,4.357,1.2160,0.3580
0,373.746910000,28.37000,6.2230e+02,2.65,260.0,1.08,16.20,6131.00,4.497,0.9450,0.8340
0,4.988450990,7.45300,1.9390e+02,1.33,1055.0,292.71,23.30,5695.00,4.411,0.9610,0.0410
1,22.407778330,3.28810,6.6130e+02,1.15,319.0,2.44,33.90,3751.00,4.800,0.4430,0.1470
0,0.933760210,3.18200,5.6500e+01,0.40,1019.0,253.97,9.50,3885.00,4.710,0.5400,0.2970
0,312.610070000,14.85000,4.3870e+02,2.01,258.0,1.05,11.90,5818.00,4.523,0.9250,0.6010
0,203.840600000,9.33000,2.2740e+02,2.41,385.0,5.21,8.60,5548.00,3.970,1.6160,0.0400
0,595.781520000,15.97000,8.4900e+01,1.18,245.0,0.85,10.60,5618.00,4.155,1.2880,0.1640
0,0.566810701,6.19000,2.0000e+02,1.49,1921.0,3220.92,45.90,5593.00,4.584,0.7520,0.9820
0,488.673530000,12.35000,6.9100e+02,2.03,188.0,0.30,8.20,5218.00,4.596,0.7720,0.4320
0,1.332590030,3.96200,1.1900e+01,0.69,2909.0,16962.04,7.40,8133.00,4.146,1.9350,0.4540
0,321.020940000,7.51000,5.9290e+02,1.96,232.0,0.69,8.50,5334.00,4.492,0.8100,0.2950
0,0.777663575,1.17410,1.3430e+02,0.95,1816.0,2553.18,28.10,5769.00,4.570,0.8120,0.2040
0,13.667809025,2.79930,1.2770e+02,0.91,705.0,58.32,2.60,5796.00,4.556,0.8070,0.2120
0,73.836858000,19.72200,2.3120e+02,25.09,1143.0,403.37,13.10,4769.00,2.583,14.7060,0.8000
0,462.463589000,5.00700,1.0243e+03,8.92,355.0,3.78,13.20,5059.00,3.466,2.7990,0.3860
0,53.647084859,19.94990,2.1910e+05,142.04,753.0,75.91,3272.40,5261.00,3.506,2.9430,0.4320
1,384.847556000,9.96900,1.8990e+02,1.09,220.0,0.56,12.30,5579.00,4.580,0.7980,0.0590
0,125.288206000,3.69500,2.4160e+02,1.50,363.0,4.10,9.40,5881.00,4.480,0.9730,0.0660
0,0.933746350,3.07400,3.4300e+01,0.63,1895.0,3029.67,7.30,5593.00,4.349,1.0940,0.0960
0,1.568590480,11.59100,2.8060e+02,23.41,1693.0,1935.28,43.30,6248.00,4.442,1.0020,1.1980
1,46.827677250,1.90330,1.5377e+03,2.13,276.0,1.37,32.40,3879.00,4.708,0.5370,0.3930
1,7.256962446,4.94020,4.6320e+02,3.53,1163.0,432.10,168.30,5858.00,4.112,1.5490,0.6760
0,135.428746000,7.39400,3.8110e+02,1.83,343.0,3.29,7.90,5849.00,4.517,0.9190,0.4980
0,16.934162800,3.94000,2.0780e+02,1.71,798.0,95.78,7.20,6321.00,4.417,1.1250,0.6620
0,371.477860000,12.30000,2.6490e+02,1.20,203.0,0.40,8.60,5162.00,4.605,0.7540,0.1280
0,4.254417651,6.55436,2.9455e+05,133.79,1360.0,806.64,2074.50,6292.00,4.256,1.2350,1.1650
0,3.548286910,3.28100,7.0900e+01,1.69,1795.0,2458.09,9.90,6573.00,4.010,1.9870,0.0360
0,20.997579680,2.45400,1.1318e+03,2.97,582.0,27.20,44.70,5211.00,4.447,0.8950,0.2770
1,92.749577700,5.50600,1.1051e+03,1.87,240.0,0.78,18.00,4141.00,4.684,0.5820,0.0190
0,7.508818000,6.50000,7.0100e+01,1.02,1107.0,354.74,7.40,6293.00,4.291,1.2130,0.0250
0,244.583230000,12.82200,4.0830e+02,2.33,328.0,2.72,7.10,6321.00,4.417,1.1250,0.4830
0,536.521970000,4.45800,2.9390e+02,3.00,273.0,1.31,9.70,5335.00,3.973,1.7940,0.1400
0,235.206130000,6.98900,6.4200e+02,1.71,230.0,0.66,6.80,5205.00,4.648,0.6790,0.2970
0,3.796543670,11.40710,7.0781e+04,159.34,2577.0,10412.56,283.70,8117.00,3.748,3.0700,1.0810
0,1.710249310,2.83300,9.8600e+01,1.20,1766.0,2298.20,9.40,6418.00,4.395,1.1710,0.5080
0,1.657460340,4.57200,2.2900e+01,0.54,1663.0,1808.13,9.10,5860.00,4.326,1.1300,0.1930
0,20.004714000,2.95200,1.1570e+02,0.89,577.0,26.19,6.70,5299.00,4.534,0.8480,0.1800
0,391.420272000,3.84000,2.3670e+02,1.61,256.0,1.01,10.30,6032.00,4.460,0.9490,0.7970
0,391.330680000,12.37000,2.7720e+02,1.68,274.0,1.33,10.30,6428.00,4.457,0.9770,0.5080
0,370.943530000,16.64000,1.0713e+03,27.77,228.0,0.64,14.60,5755.00,4.588,0.7760,1.2940
0,0.646523404,3.91700,2.5200e+01,0.85,3163.0,23676.16,14.20,7257.00,4.185,1.6310,0.4940
0,1.994923320,5.89800,7.7700e+01,0.94,1451.0,1044.18,11.10,5957.00,4.498,0.9710,0.7720
0,431.517340000,16.42000,5.3327e+03,10.28,287.0,1.60,206.20,6221.00,4.294,1.3120,0.7180
1,3.937667860,4.65500,2.4300e+01,1.36,1947.0,3388.82,16.80,6277.00,3.728,2.7410,0.2260
0,1.352564873,3.46900,5.6700e+01,1.45,2447.0,8505.97,34.90,6463.00,3.959,1.8230,0.6690
0,0.662342650,1.04900,2.3590e+03,5.13,2089.0,4499.32,12.40,5780.00,4.438,1.0000,0.6310
0,0.527673051,1.63100,2.8300e+01,1.43,4056.0,63629.23,13.50,6762.00,3.738,2.6370,0.2160
0,348.681620000,10.95900,3.0930e+02,2.09,302.0,1.96,11.90,6450.00,4.386,1.1550,0.5060
0,371.458977600,10.07340,4.5660e+02,2.22,283.0,1.51,10.80,6388.00,4.427,1.0330,0.0370
0,1.009671584,4.37759,1.5512e+05,125.31,3287.0,27692.04,1440.70,7652.00,3.974,2.2420,0.8640
0,0.948085870,8.03000,2.2980e+02,37.72,3359.0,30040.23,145.30,6875.00,3.798,2.8560,1.1050
0,0.769358923,1.53640,4.4800e+01,1.93,2928.0,17335.40,19.80,5267.00,3.655,2.9350,0.1110
0,103.039788000,14.19700,1.3700e+03,2.05,210.0,0.46,15.90,3749.00,4.674,0.5810,0.0390
0,3.747853580,3.71300,9.8200e+01,0.89,1093.0,337.14,18.80,5706.00,4.537,0.8860,0.4680
1,0.968980781,1.51700,1.1850e+02,1.08,1844.0,2730.51,12.80,5866.00,4.473,1.0000,0.0650
0,0.520227316,1.79390,6.8633e+04,50.41,2264.0,6193.15,122.30,5780.00,4.438,1.0000,1.0520
0,346.316880000,21.92000,1.4350e+03,5.21,278.0,1.42,17.00,6060.00,4.408,1.0680,0.9540
0,172.280975000,12.24000,3.1380e+02,1.60,301.0,1.95,10.20,5659.00,4.538,0.8690,0.6020
0,1.472584710,4.76885,2.2401e+05,123.25,2705.0,12617.53,741.50,7360.00,4.008,2.0240,0.7500
0,0.566817270,1.77900,3.5900e+01,0.42,1832.0,2676.11,9.10,5481.00,4.629,0.7080,0.0420
0,0.638697833,5.16090,1.4145e+05,162.15,2464.0,8720.57,206.30,6424.00,4.388,1.1800,1.7570
0,0.566800810,3.61160,1.2770e+02,1.02,2038.0,4065.92,71.50,5506.00,4.473,0.9140,0.0040
0,1.272287710,2.09900,8.2900e+01,0.63,1275.0,624.11,9.50,5044.00,4.640,0.6860,0.4280
0,365.543500000,14.78000,7.5310e+02,3.04,283.0,1.51,13.40,6306.00,4.426,1.0760,0.5180
0,134.370692000,8.73000,4.3260e+02,1.95,351.0,3.58,8.10,5910.00,4.505,0.9400,0.1740
0,367.016070000,15.48000,7.3860e+02,2.46,245.0,0.85,11.20,5931.00,4.545,0.8630,0.6330
0,209.941369000,2.97000,4.7730e+02,14.36,651.0,42.43,10.20,5125.00,2.988,6.6900,0.1570
0,1.587426950,2.66475,7.6162e+04,37.64,1893.0,3023.98,1150.70,6440.00,4.313,1.2410,0.7180
0,48.507991000,8.98400,2.8890e+02,2.06,511.0,16.08,11.40,6031.00,4.476,0.9660,0.9440
0,440.584562000,10.53400,6.5900e+01,1.67,505.0,15.38,16.10,9935.00,4.205,1.9960,0.0620
0,264.636540000,42.77000,4.3180e+02,42.55,376.0,4.75,28.20,6564.00,4.198,1.4610,1.2470
0,14.340035800,5.70000,1.7060e+03,0.68,248.0,0.89,8.00,3358.00,5.149,0.1740,0.0060
0,1.332544280,3.12200,1.6220e+02,0.93,1427.0,981.02,18.10,5460.00,4.543,0.7340,0.0210
0,256.456160000,35.35000,1.7283e+04,9.44,175.0,0.22,14.40,4070.00,4.628,0.6460,0.7790
0,0.933712110,4.76000,1.2620e+02,0.75,1318.0,715.48,14.30,4604.00,4.591,0.6960,0.1190
0,378.654840000,11.30000,2.4780e+02,1.53,258.0,1.04,6.80,6000.00,4.463,0.9700,0.2430
0,0.566763800,1.73000,6.4500e+01,0.75,2178.0,5335.09,2.40,5766.00,4.433,0.9400,0.1580
0,0.579516759,1.34200,2.7000e+01,0.60,2484.0,8953.61,9.80,6339.00,4.387,1.1020,0.6380
1,91.078624000,10.30400,7.3860e+02,3.26,415.0,7.02,20.80,5915.00,4.437,1.0080,0.9010
0,6.308285380,2.48633,1.1353e+05,29.34,803.0,98.21,559.20,5069.00,4.524,0.7800,0.6900
0,1.332590950,4.94700,1.0550e+02,1.14,1776.0,2349.35,13.60,6184.00,4.448,1.0380,0.7110
0,308.185801000,3.68900,7.0870e+02,2.12,230.0,0.66,9.50,5380.00,4.581,0.8130,0.0230
0,522.338880000,13.53000,4.2370e+02,5.65,327.0,2.69,12.00,5103.00,3.606,2.8160,0.0390
0,262.711620000,7.72000,1.4490e+03,3.69,272.0,1.29,7.00,5398.00,4.375,0.9900,0.0190
0,153.725848000,117.52000,5.2577e+03,259.36,734.0,68.48,302.30,4794.00,2.781,6.8160,1.2550
0,4.394517980,2.95270,2.2362e+05,65.76,554.0,22.27,249.50,3695.00,4.773,0.4830,1.5660
0,0.943937200,7.27446,2.7944e+05,88.91,2273.0,6347.81,6351.70,5959.00,4.126,1.3650,0.6810
0,0.594274521,2.16200,4.6915e+03,8.70,2436.0,8367.99,83.90,6321.00,4.417,1.1250,0.8330
0,361.901618000,4.98400,1.8410e+02,0.95,198.0,0.37,8.50,5053.00,4.603,0.7170,0.0930
0,392.942470000,11.05500,1.2030e+02,1.60,347.0,3.43,10.00,6596.00,4.073,1.4400,0.0100
0,358.660440000,16.73200,1.3380e+02,1.62,304.0,2.02,15.60,5619.00,4.070,1.4060,0.0620
0,31.971448800,8.52000,4.2900e+01,0.87,674.0,48.92,9.20,5846.00,4.169,1.3230,0.3400
0,23.627034800,11.48100,8.4330e+03,21.71,560.0,23.17,78.40,5305.00,4.477,0.8570,1.0960
0,4.856034820,3.07800,7.6700e+01,1.05,1266.0,607.42,8.20,6469.00,4.385,1.1930,0.1340
